model,cohort,weighting,recall,FPR,balanced_accuracy,decision_disagreement,mass,TN,FP,FN,TP
A_lr,all,rows,0.22594836326972204,0.09859158439901204,0.5636783894353551,0.0858461843973988,7462871.0,361673.0,39558.0,5466074.0,1595566.0
A_dt,all,rows,0.2023997258427221,0.12577293379624208,0.53831339602324,0.11377337220487933,7462871.0,350767.0,50464.0,5632366.0,1429274.0
A_mlp_float,all,rows,0.36870641947196403,0.21309669492137945,0.5778048622752923,0.2986955020393626,7462871.0,315730.0,85501.0,4457968.0,2603672.0
A_mlp_int8,all,rows,0.12675667408703928,0.22220865287079014,0.4522740106081246,0.3505323889425397,7462871.0,312074.0,89157.0,6166530.0,895110.0
B_lr,all,rows,0.16940554885267445,0.1205340564413019,0.5244357462056862,0.0,7462871.0,352869.0,48362.0,5865359.0,1196281.0
B_dt,all,rows,0.08979174809251109,0.00425939172197562,0.5427661781852677,0.0,7462871.0,399522.0,1709.0,6427563.0,634077.0
B_mlp_float,all,rows,0.4380095841759138,0.021506314317687316,0.7082516349291132,0.0,7462871.0,392602.0,8629.0,3968574.0,3093066.0
B_mlp_int8,all,rows,0.4442768252134065,0.021902594764611906,0.7111871152243973,0.0,7462871.0,392443.0,8788.0,3924317.0,3137323.0
lr_stale_threshold,all,rows,0.0333659036711019,0.08071908700972756,0.47632340833068715,0.13086625777130545,7462871.0,368844.0,32387.0,6826022.0,235618.0
lr_stale_scaler,all,rows,0.21861522252621204,0.1203222084036378,0.5491465070612872,0.089864075099248,7462871.0,352954.0,48277.0,5517858.0,1543782.0
lr_stale_scaler_threshold,all,rows,0.03409108932202718,0.08124496860910548,0.47642306035646087,0.1301517874287255,7462871.0,368633.0,32598.0,6820901.0,240739.0
mlp_float_stale_threshold,all,rows,0.5861819633966048,0.21934247353768777,0.6834197449294586,0.15084248407884848,7462871.0,313224.0,88007.0,2922234.0,4139406.0
mlp_float_stale_scaler,all,rows,0.43303892580193837,0.020910647482372997,0.7060641391597827,0.006485439718842788,7462871.0,392841.0,8390.0,4003675.0,3057965.0
mlp_float_stale_scaler_threshold,all,rows,0.5553801949688741,0.21751061109435713,0.6689347919372585,0.12282672446033169,7462871.0,313959.0,87272.0,3139745.0,3921895.0
mlp_int8_stale_threshold,all,rows,0.43537152842682436,0.02108261824235914,0.7071444550922327,0.008470600657575348,7462871.0,392772.0,8459.0,3987203.0,3074437.0
mlp_int8_stale_scaler,all,rows,0.41834432228207613,0.018782197786312623,0.6997810622478818,0.04192381189491283,7462871.0,393695.0,7536.0,4107443.0,2954197.0
mlp_int8_stale_scaler_threshold,all,rows,0.2706109345704397,0.01804696047912549,0.6262819870456571,0.16690855302202062,7462871.0,393990.0,7241.0,5150683.0,1910957.0
mlp_int8_stale_input_quantization,all,rows,0.4377997179125529,0.017578402466409626,0.7101106577230717,0.03448136782747551,7462871.0,394178.0,7053.0,3970056.0,3091584.0
mlp_int8_stale_integer_threshold_code,all,rows,0.5330447318186711,0.022465861311812895,0.7552894352534291,0.08402570538871702,7462871.0,392217.0,9014.0,3297470.0,3764170.0
dt_stale_threshold,all,rows,0.43290821962037146,0.11066193788615536,0.6611231408671081,0.330389872744685,7462871.0,356830.0,44401.0,4004598.0,3057042.0
lr_compatible_probability,all,rows,0.16940554885267445,0.1205340564413019,0.5244357462056862,0.0,7462871.0,352869.0,48362.0,5865359.0,1196281.0
lr_compatible_decision,all,rows,0.16940554885267445,0.1205340564413019,0.5244357462056862,0.0,7462871.0,352869.0,48362.0,5865359.0,1196281.0
mlp_float_compatible_first_layer,all,rows,0.4380095841759138,0.021506314317687316,0.7082516349291132,0.0,7462871.0,392602.0,8629.0,3968574.0,3093066.0
mlp_int8_compatible_requantized,all,rows,0.472077874261503,0.28809588491417665,0.5919909946736632,0.06004364808128132,7462871.0,285638.0,115593.0,3727996.0,3333644.0
A_lr,all,vector_balanced,0.04402446559784893,0.024089931273385115,0.509967267162232,0.03452579705776993,3782504.9999999986,146610.78137170046,3619.0257282517523,3472366.218628298,159908.97427174816
A_dt,all,vector_balanced,0.02646113467917013,0.04879775239267756,0.48883169114324626,0.023863021992039674,3782504.999999999,142898.93017108907,7330.876928863183,3536161.06982891,96114.1230711368
A_mlp_float,all,vector_balanced,0.13980304915821287,0.05914839952450772,0.5403273248168526,0.32443393994191694,3782504.9999999986,141343.95444911448,8885.852650837698,3124472.0455508837,507803.1473491623
A_mlp_int8,all,vector_balanced,0.017755601188231187,0.039005377042537176,0.489375112072847,0.30651301187969354,3782504.9999999995,144370.03683099098,5859.770268961266,3567781.9631690085,64493.22973103874
B_lr,all,vector_balanced,0.06949489918774811,0.02224193528405274,0.5236264819518477,0.0,3782504.999999998,146888.40545269934,3341.401647252864,3379850.5945472987,252424.59835274698
B_dt,all,vector_balanced,0.004477453662351703,0.0027534890902524457,0.5008619822860496,0.0,3782504.9999999986,149816.1509650718,413.65613488044795,3616011.849034927,16263.343865119552
B_mlp_float,all,vector_balanced,0.33169247773680516,0.04154729055132401,0.6450725935927405,0.0,3782504.999999999,143988.16565490112,6241.641445051072,2427476.8343450986,1204798.3585549484
B_mlp_int8,all,vector_balanced,0.33192536191064886,0.04015010172759004,0.6458876300915294,0.0,3782504.9999999995,144198.0650623729,6031.742037579308,2426630.934937627,1205644.2579624201
lr_stale_threshold,all,vector_balanced,0.011308429981804044,0.01321755212748767,0.4990454389271582,0.056233897906281693,3782504.9999999995,148244.1367935062,1985.6703064460357,3591199.863206493,41075.32969355396
lr_stale_scaler,all,vector_balanced,0.03026745058251328,0.019591918232649448,0.505337766174932,0.044844620165736745,3782504.9999999986,147286.51700314326,2943.2900968089634,3522335.4829968554,109939.70990319103
lr_stale_scaler_threshold,all,vector_balanced,0.012381863241382317,0.014009638613499261,0.49918611231394155,0.05517163890067562,3782504.9999999995,148125.1417935062,2104.665306446036,3587300.8582064933,44974.33469355396
mlp_float_stale_threshold,all,vector_balanced,0.44703511408644436,0.05157062302163804,0.6977322455324032,0.11115966799779509,3782505.000000001,142482.36235138713,7747.444748565034,2008520.637648614,1623754.555251435
mlp_float_stale_scaler,all,vector_balanced,0.32218356165370854,0.04128768827430016,0.6404479366897042,0.012583724277958657,3782504.999999999,144027.16565490112,6202.641445051071,2462015.8343450986,1170259.3585549484
mlp_float_stale_scaler_threshold,all,vector_balanced,0.3905344391372686,0.05027926810516045,0.670127585516054,0.059273946762793434,3782505.0000000005,142676.36235138716,7553.4447485650335,2213746.6376486137,1418528.5552514344
mlp_int8_stale_threshold,all,vector_balanced,0.31497703153074474,0.03822638229015695,0.6383753246202939,0.016351597684603196,3782504.9999999995,144487.0650623729,5742.742037579307,2488191.934937627,1144083.2579624201
mlp_int8_stale_scaler,all,vector_balanced,0.2941146317547195,0.03877206075705393,0.6276712854988329,0.06894267158933037,3782504.999999999,144405.08789155236,5824.719208399839,2563969.9121084465,1068305.2807916
mlp_int8_stale_scaler_threshold,all,vector_balanced,0.13091526812756163,0.036908249537395584,0.547003509295083,0.19777872071550476,3782504.9999999986,144685.08789155236,5544.719208399838,3156754.912108446,475520.28079160023
mlp_int8_stale_input_quantization,all,vector_balanced,0.3318474872035862,0.04051529135058907,0.6456660979264985,0.05396423798514477,3782504.9999999995,144143.20269575482,6086.604404197356,2426913.797304245,1205361.395595802
mlp_int8_stale_integer_threshold_code,all,vector_balanced,0.3570324904063806,0.041601211891466906,0.6577156392574569,0.024167582065324433,3782505.0,143980.0650623729,6249.74203757931,2335434.9349376275,1296840.2579624203
dt_stale_threshold,all,vector_balanced,0.3045107189762975,0.049752240480905804,0.6273792392476958,0.2899834897772773,3782504.999999999,142755.53760971528,7474.269490236911,2526208.462390284,1106066.730509763
lr_compatible_probability,all,vector_balanced,0.06949489918774811,0.02224193528405274,0.5236264819518477,0.0,3782504.999999998,146888.40545269934,3341.401647252864,3379850.5945472987,252424.59835274698
lr_compatible_decision,all,vector_balanced,0.06949489918774811,0.02224193528405274,0.5236264819518477,0.0,3782504.999999998,146888.40545269934,3341.401647252864,3379850.5945472987,252424.59835274698
mlp_float_compatible_first_layer,all,vector_balanced,0.33169247773680516,0.04154729055132401,0.6450725935927405,0.0,3782504.999999999,143988.16565490112,6241.641445051072,2427476.8343450986,1204798.3585549484
mlp_int8_compatible_requantized,all,vector_balanced,0.34749508247068617,0.04894656013288937,0.6492742611688984,0.05274573331694209,3782504.9999999995,142876.574812982,7353.23228697018,2370077.425187018,1262197.7677130294
A_lr,all,frequency_cap100,0.10627137378736914,0.08778913146874778,0.5092411211593106,0.032006870374319034,5946692.0,177243.9857009293,17057.564319308094,5141076.01429907,611314.435680692
A_dt,all,frequency_cap100,0.08529206350376516,0.04307607654700743,0.5211079934783788,0.06767796280688491,5946691.999999999,185931.80157836337,8369.748441873935,5261757.198421636,490633.251558126
A_mlp_float,all,frequency_cap100,0.261578913499791,0.05348364985579081,0.604047631822,0.3533080240241129,5946692.0,183909.59395251758,10391.956067719799,4247686.406047482,1504704.0439322803
A_mlp_int8,all,frequency_cap100,0.06367661480331882,0.03868856999630675,0.512494022403506,0.2859936246908365,5946692.000000001,186784.30090188846,7517.249118348849,5386097.699098112,366292.7508816512
B_lr,all,frequency_cap100,0.11394872830088168,0.09857576294514736,0.5076864826778672,0.0,5946692.0,175148.12648556774,19153.423534669608,5096912.873514432,655477.5764653306
B_dt,all,frequency_cap100,0.01756021617858779,0.003364770660055844,0.5070977227592659,0.0,5946692.0,193647.76986552586,653.7801547114676,5651377.230134474,101013.21984528853
B_mlp_float,all,frequency_cap100,0.3560991564368464,0.03761479651641499,0.6592421799602157,0.0,5946692.0,186992.93675340211,7308.6132668352575,3703969.063246598,2048421.386733165
B_mlp_int8,all,frequency_cap100,0.35578333539943807,0.03533342469790243,0.6602249553507679,0.0,5946692.0,187436.2108339116,6865.339186325781,3705785.789166088,2046604.6608136743
lr_stale_threshold,all,frequency_cap100,0.0359000686731151,0.06417235379674704,0.485863857438184,0.07662259958982236,5946692.000000001,181832.7622090823,12468.787811155013,5545879.237790919,206511.21218884498
lr_stale_scaler,all,frequency_cap100,0.0972548416668725,0.09712314481908733,0.5000658484238927,0.038158357621346464,5946691.999999999,175430.37243904872,18871.177581188655,5192942.627560951,559447.8224188111
lr_stale_scaler_threshold,all,frequency_cap100,0.03679030726949167,0.06525829469623047,0.48576600628663064,0.0757259666382587,5946692.000000001,181621.7622090823,12679.787811155013,5540758.237790919,211632.21218884498
mlp_float_stale_threshold,all,frequency_cap100,0.5197403334555687,0.052859430919718675,0.7334404512679249,0.15879248496475015,5946692.0,184030.8806593484,10270.669360889002,2762641.1193406517,2989749.3306391113
mlp_float_stale_scaler,all,frequency_cap100,0.34999717147855425,0.03684794725564233,0.656574612111456,0.008123844315461436,5946692.0,187141.93675340211,7159.613266835257,3739070.063246598,2013320.386733165
mlp_float_stale_scaler_threshold,all,frequency_cap100,0.4819280531711584,0.05248372624833341,0.7147221634614126,0.12374510063746365,5946692.0,184103.8806593484,10197.669360889,2980152.1193406517,2772238.330639111
mlp_int8_stale_threshold,all,frequency_cap100,0.34485118457504105,0.03364018035700174,0.6556055021090197,0.010630279826162176,5946692.0,187765.2108339116,6536.339186325781,3768671.789166088,1983718.6608136746
mlp_int8_stale_scaler,all,frequency_cap100,0.33139491491547274,0.03404016214842306,0.6486773763835249,0.04524145524940589,5946692.0,187687.49375185856,6614.056268378814,3846077.506248141,1906312.9437316214
mlp_int8_stale_scaler_threshold,all,frequency_cap100,0.15003831037489082,0.03252190354487989,0.5587582034150055,0.20209151575363243,5946692.0,187982.49375185856,6319.056268378815,4889311.506248141,863078.9437316214
mlp_int8_stale_input_quantization,all,frequency_cap100,0.3558600739325228,0.03537238473263839,0.6602438445999422,0.03521403159941695,5946692.0,187428.64083877357,6872.909181463819,3705344.3591612265,2047046.0908185365
mlp_int8_stale_integer_threshold_code,all,frequency_cap100,0.46054152336321236,0.036496565187396524,0.712022479087908,0.1013733349566448,5946692.0,187210.2108339116,7091.33918632578,3103175.789166088,2649214.6608136743
dt_stale_threshold,all,frequency_cap100,0.33860524579332635,0.044777912397060686,0.6469136666981329,0.3119083685517931,5946692.000000001,185601.13223481807,8700.417785419293,3804600.867765182,1947789.582214581
lr_compatible_probability,all,frequency_cap100,0.11394872830088168,0.09857576294514736,0.5076864826778672,0.0,5946692.0,175148.12648556774,19153.423534669608,5096912.873514432,655477.5764653306
lr_compatible_decision,all,frequency_cap100,0.11394872830088168,0.09857576294514736,0.5076864826778672,0.0,5946692.0,175148.12648556774,19153.423534669608,5096912.873514432,655477.5764653306
mlp_float_compatible_first_layer,all,frequency_cap100,0.3560991564368464,0.03761479651641499,0.6592421799602157,0.0,5946692.0,186992.93675340211,7308.6132668352575,3703969.063246598,2048421.386733165
mlp_int8_compatible_requantized,all,frequency_cap100,0.3663542021317032,0.053558946629870534,0.6563976277509164,0.03519956977761754,5946692.0,183894.96367260237,10406.586347635015,3644978.0363273975,2107412.4136523656
A_lr,top20,rows,0.47741960784313725,0.11587305922355287,0.6807732743097922,0.0,528962.0,129491.0,16971.0,199887.0,182613.0
A_dt,top20,rows,0.4322718954248366,0.27420081659406537,0.5790355394153857,0.34736143617121834,528962.0,106302.0,40160.0,217156.0,165344.0
A_mlp_float,top20,rows,0.5417228758169934,0.5027310838306182,0.5194958959931877,0.19612561960972621,528962.0,72831.0,73631.0,175291.0,207209.0
A_mlp_int8,top20,rows,0.7064,0.5186328194343925,0.5938835902828037,0.5608871714792367,528962.0,70502.0,75960.0,112302.0,270198.0
B_lr,top20,rows,0.47741960784313725,0.11587305922355287,0.6807732743097922,0.0,528962.0,129491.0,16971.0,199887.0,182613.0
B_dt,top20,rows,0.056896732026143794,0.0,0.5284483660130719,0.0,528962.0,146462.0,0.0,360737.0,21763.0
B_mlp_float,top20,rows,0.46291764705882354,0.00021165899687290902,0.7313529940309753,0.0,528962.0,146431.0,31.0,205434.0,177066.0
B_mlp_int8,top20,rows,0.5751581699346405,0.0070598517021479975,0.7840491591162463,0.0,528962.0,145428.0,1034.0,162502.0,219998.0
lr_stale_threshold,top20,rows,0.07139869281045752,0.11566140022667996,0.4778686462918888,0.2936581455756746,528962.0,129522.0,16940.0,355190.0,27310.0
lr_stale_scaler,top20,rows,0.47741960784313725,0.11587305922355287,0.6807732743097922,0.0,528962.0,129491.0,16971.0,199887.0,182613.0
lr_stale_scaler_threshold,top20,rows,0.07139869281045752,0.11566140022667996,0.4778686462918888,0.2936581455756746,528962.0,129522.0,16940.0,355190.0,27310.0
mlp_float_stale_threshold,top20,rows,0.6539633986928105,0.5095792765358933,0.5721920610784585,0.27918451609000267,528962.0,71828.0,74634.0,132359.0,250141.0
mlp_float_stale_scaler,top20,rows,0.46291764705882354,0.00021165899687290902,0.7313529940309753,0.0,528962.0,146431.0,31.0,205434.0,177066.0
mlp_float_stale_scaler_threshold,top20,rows,0.6539633986928105,0.5095792765358933,0.5721920610784585,0.27918451609000267,528962.0,71828.0,74634.0,132359.0,250141.0
mlp_int8_stale_threshold,top20,rows,0.5751581699346405,0.0070598517021479975,0.7840491591162463,0.0,528962.0,145428.0,1034.0,162502.0,219998.0
mlp_int8_stale_scaler,top20,rows,0.46291764705882354,0.00021165899687290902,0.7313529940309753,0.08305889648027646,528962.0,146431.0,31.0,205434.0,177066.0
mlp_int8_stale_scaler_threshold,top20,rows,0.46291764705882354,0.00021165899687290902,0.7313529940309753,0.08305889648027646,528962.0,146431.0,31.0,205434.0,177066.0
mlp_int8_stale_input_quantization,top20,rows,0.46291764705882354,0.00021165899687290902,0.7313529940309753,0.08305889648027646,528962.0,146431.0,31.0,205434.0,177066.0
mlp_int8_stale_integer_threshold_code,top20,rows,0.5751581699346405,0.0070598517021479975,0.7840491591162463,0.0,528962.0,145428.0,1034.0,162502.0,219998.0
dt_stale_threshold,top20,rows,0.6321856209150327,0.2353784599418279,0.6984035804866024,0.4811725605998162,528962.0,111988.0,34474.0,140689.0,241811.0
lr_compatible_probability,top20,rows,0.47741960784313725,0.11587305922355287,0.6807732743097922,0.0,528962.0,129491.0,16971.0,199887.0,182613.0
lr_compatible_decision,top20,rows,0.47741960784313725,0.11587305922355287,0.6807732743097922,0.0,528962.0,129491.0,16971.0,199887.0,182613.0
mlp_float_compatible_first_layer,top20,rows,0.46291764705882354,0.00021165899687290902,0.7313529940309753,0.0,528962.0,146431.0,31.0,205434.0,177066.0
mlp_int8_compatible_requantized,top20,rows,0.9279607843137255,0.6607038003031503,0.6336284920052877,0.4361012700345204,528962.0,49694.0,96768.0,27555.0,354945.0
A_lr,top20,vector_balanced,0.6574625311439033,0.10041319191824567,0.7785246696128288,0.0,20.0,3.4708550418356694,0.3874219033729786,5.529144958164331,10.612578096627022
A_dt,top20,vector_balanced,0.6301550313431978,0.21465851576653702,0.7077482577883304,0.4,20.0,3.0300649427339117,0.828212002474737,5.969935057266088,10.171787997525263
A_mlp_float,top20,vector_balanced,0.8401813672867499,0.3727117243999659,0.7337348214433919,0.1,20.0,2.4202518917473,1.4380250534613481,2.5797481082527,13.561974946538651
A_mlp_int8,top20,vector_balanced,0.5293455748944731,0.37722806072320286,0.5760587570856351,0.5,20.0,2.402826615434547,1.4554503297741017,7.597173384565453,8.544549670225898
B_lr,top20,vector_balanced,0.6574625311439033,0.10041319191824567,0.7785246696128288,0.0,20.0,3.4708550418356694,0.3874219033729786,5.529144958164331,10.612578096627022
B_dt,top20,vector_balanced,0.18585376479430485,0.0,0.5929268823971524,0.0,20.0,3.8582769452086487,0.0,13.141723054791353,3.0
B_mlp_float,top20,vector_balanced,0.8050815214257225,0.0011914760607388013,0.9019450226824919,0.0,20.0,3.8536799005927316,0.004597044615916536,3.1463200994072684,12.995402955384083
B_mlp_int8,top20,vector_balanced,0.8656184800399563,0.007108412505133036,0.9292550337674116,0.0,20.0,3.8308507211230607,0.027426224085587644,2.1691492788769393,13.972573775914412
lr_stale_threshold,top20,vector_balanced,0.038234774512485616,0.09922171585750686,0.4695065293274894,0.5,20.0,3.4754520864515865,0.3828248587570621,15.524547913548414,0.6171751412429378
lr_stale_scaler,top20,vector_balanced,0.6574625311439033,0.10041319191824567,0.7785246696128288,0.0,20.0,3.4708550418356694,0.3874219033729786,5.529144958164331,10.612578096627022
lr_stale_scaler_threshold,top20,vector_balanced,0.038234774512485616,0.09922171585750686,0.4695065293274894,0.5,20.0,3.4754520864515865,0.3828248587570621,15.524547913548414,0.6171751412429378
mlp_float_stale_threshold,top20,vector_balanced,0.9007183259009838,0.3786286608443602,0.7610448325283119,0.15,20.0,2.397422712277629,1.4608542329310195,1.602577287722371,14.53914576706898
mlp_float_stale_scaler,top20,vector_balanced,0.8050815214257225,0.0011914760607388013,0.9019450226824919,0.0,20.0,3.8536799005927316,0.004597044615916536,3.1463200994072684,12.995402955384083
mlp_float_stale_scaler_threshold,top20,vector_balanced,0.9007183259009838,0.3786286608443602,0.7610448325283119,0.15,20.0,2.397422712277629,1.4608542329310195,1.602577287722371,14.53914576706898
mlp_int8_stale_threshold,top20,vector_balanced,0.8656184800399563,0.007108412505133036,0.9292550337674116,0.0,20.0,3.8308507211230607,0.027426224085587644,2.1691492788769393,13.972573775914412
mlp_int8_stale_scaler,top20,vector_balanced,0.8050815214257225,0.0011914760607388013,0.9019450226824919,0.05,20.0,3.8536799005927316,0.004597044615916536,3.1463200994072684,12.995402955384083
mlp_int8_stale_scaler_threshold,top20,vector_balanced,0.8050815214257225,0.0011914760607388013,0.9019450226824919,0.05,20.0,3.8536799005927316,0.004597044615916536,3.1463200994072684,12.995402955384083
mlp_int8_stale_input_quantization,top20,vector_balanced,0.8050815214257225,0.0011914760607388013,0.9019450226824919,0.05,20.0,3.8536799005927316,0.004597044615916536,3.1463200994072684,12.995402955384083
mlp_int8_stale_integer_threshold_code,top20,vector_balanced,0.8656184800399563,0.007108412505133036,0.9292550337674116,0.0,20.0,3.8308507211230607,0.027426224085587644,2.1691492788769393,13.972573775914412
dt_stale_threshold,top20,vector_balanced,0.8900758438721356,0.16397014507782312,0.8630528493971563,0.6,20.0,3.225634714752366,0.6326422304562823,1.774365285247634,14.367357769543716
lr_compatible_probability,top20,vector_balanced,0.6574625311439033,0.10041319191824567,0.7785246696128288,0.0,20.0,3.4708550418356694,0.3874219033729786,5.529144958164331,10.612578096627022
lr_compatible_decision,top20,vector_balanced,0.6574625311439033,0.10041319191824567,0.7785246696128288,0.0,20.0,3.4708550418356694,0.3874219033729786,5.529144958164331,10.612578096627022
mlp_float_compatible_first_layer,top20,vector_balanced,0.8050815214257225,0.0011914760607388013,0.9019450226824919,0.0,20.0,3.8536799005927316,0.004597044615916536,3.1463200994072684,12.995402955384083
mlp_int8_compatible_requantized,top20,vector_balanced,0.9613052704143847,0.643519526752225,0.6588928718310798,0.2,20.0,1.3754003913489588,2.48287655385969,0.6245996086510411,15.51712344614031
A_lr,top20,frequency_cap100,0.6574625311439034,0.10041319191824569,0.7785246696128288,0.0,2000.0,347.08550418356697,38.74219033729787,552.914495816433,1061.2578096627021
A_dt,top20,frequency_cap100,0.6301550313431978,0.21465851576653702,0.7077482577883304,0.4,2000.0,303.0064942733912,82.82120024747371,596.9935057266089,1017.1787997525263
A_mlp_float,top20,frequency_cap100,0.84018136728675,0.37271172439996597,0.733734821443392,0.1,2000.0,242.02518917473,143.80250534613484,257.97481082526997,1356.1974946538653
A_mlp_int8,top20,frequency_cap100,0.5293455748944731,0.3772280607232029,0.576058757085635,0.5,2000.0,240.28266154345465,145.5450329774102,759.7173384565453,854.4549670225898
B_lr,top20,frequency_cap100,0.6574625311439034,0.10041319191824569,0.7785246696128288,0.0,2000.0,347.08550418356697,38.74219033729787,552.914495816433,1061.2578096627021
B_dt,top20,frequency_cap100,0.18585376479430488,0.0,0.5929268823971524,0.0,2000.0,385.8276945208649,0.0,1314.172305479135,300.0
B_mlp_float,top20,frequency_cap100,0.8050815214257226,0.0011914760607388013,0.9019450226824919,0.0,2000.0,385.3679900592732,0.4597044615916536,314.6320099407268,1299.5402955384084
B_mlp_int8,top20,frequency_cap100,0.8656184800399565,0.007108412505133035,0.9292550337674117,0.0,2000.0,383.0850721123061,2.742622408558764,216.91492788769392,1397.2573775914411
lr_stale_threshold,top20,frequency_cap100,0.03823477451248562,0.09922171585750687,0.4695065293274894,0.5,2000.0,347.54520864515865,38.282485875706215,1552.4547913548413,61.717514124293785
lr_stale_scaler,top20,frequency_cap100,0.6574625311439034,0.10041319191824569,0.7785246696128288,0.0,2000.0,347.08550418356697,38.74219033729787,552.914495816433,1061.2578096627021
lr_stale_scaler_threshold,top20,frequency_cap100,0.03823477451248562,0.09922171585750687,0.4695065293274894,0.5,2000.0,347.54520864515865,38.282485875706215,1552.4547913548413,61.717514124293785
mlp_float_stale_threshold,top20,frequency_cap100,0.9007183259009839,0.37862866084436025,0.7610448325283118,0.15,2000.0,239.74227122776287,146.08542329310197,160.2577287722371,1453.914576706898
mlp_float_stale_scaler,top20,frequency_cap100,0.8050815214257226,0.0011914760607388013,0.9019450226824919,0.0,2000.0,385.3679900592732,0.4597044615916536,314.6320099407268,1299.5402955384084
mlp_float_stale_scaler_threshold,top20,frequency_cap100,0.9007183259009839,0.37862866084436025,0.7610448325283118,0.15,2000.0,239.74227122776287,146.08542329310197,160.2577287722371,1453.914576706898
mlp_int8_stale_threshold,top20,frequency_cap100,0.8656184800399565,0.007108412505133035,0.9292550337674117,0.0,2000.0,383.0850721123061,2.742622408558764,216.91492788769392,1397.2573775914411
mlp_int8_stale_scaler,top20,frequency_cap100,0.8050815214257226,0.0011914760607388013,0.9019450226824919,0.05,2000.0,385.3679900592732,0.4597044615916536,314.6320099407268,1299.5402955384084
mlp_int8_stale_scaler_threshold,top20,frequency_cap100,0.8050815214257226,0.0011914760607388013,0.9019450226824919,0.05,2000.0,385.3679900592732,0.4597044615916536,314.6320099407268,1299.5402955384084
mlp_int8_stale_input_quantization,top20,frequency_cap100,0.8050815214257226,0.0011914760607388013,0.9019450226824919,0.05,2000.0,385.3679900592732,0.4597044615916536,314.6320099407268,1299.5402955384084
mlp_int8_stale_integer_threshold_code,top20,frequency_cap100,0.8656184800399565,0.007108412505133035,0.9292550337674117,0.0,2000.0,383.0850721123061,2.742622408558764,216.91492788769392,1397.2573775914411
dt_stale_threshold,top20,frequency_cap100,0.8900758438721356,0.16397014507782318,0.8630528493971562,0.6,2000.0,322.5634714752366,63.26422304562825,177.4365285247634,1436.7357769543719
lr_compatible_probability,top20,frequency_cap100,0.6574625311439034,0.10041319191824569,0.7785246696128288,0.0,2000.0,347.08550418356697,38.74219033729787,552.914495816433,1061.2578096627021
lr_compatible_decision,top20,frequency_cap100,0.6574625311439034,0.10041319191824569,0.7785246696128288,0.0,2000.0,347.08550418356697,38.74219033729787,552.914495816433,1061.2578096627021
mlp_float_compatible_first_layer,top20,frequency_cap100,0.8050815214257226,0.0011914760607388013,0.9019450226824919,0.0,2000.0,385.3679900592732,0.4597044615916536,314.6320099407268,1299.5402955384084
mlp_int8_compatible_requantized,top20,frequency_cap100,0.9613052704143847,0.643519526752225,0.6588928718310798,0.2,1999.9999999999998,137.5400391348959,248.28765538596897,62.459960865104115,1551.7123446140308
A_lr,remainder,rows,0.21154714529116023,0.08865678320360798,0.561445181043776,0.09239506892865193,6933909.0,232182.0,22587.0,5266187.0,1412953.0
A_dt,remainder,rows,0.18923544049084162,0.04044448107893817,0.5743954797059517,0.09595381191186673,6933909.0,244465.0,10304.0,5415210.0,1263930.0
A_mlp_float,remainder,rows,0.35879813868252497,0.046591225777076486,0.6561034564527243,0.3065201749835482,6933909.0,242899.0,11870.0,4282677.0,2396463.0
A_mlp_int8,remainder,rows,0.09356174597328398,0.05179986576074797,0.5208809401062681,0.3344852088482846,6933909.0,241572.0,13197.0,6054228.0,624912.0
B_lr,remainder,rows,0.1517662453549409,0.1232135777900765,0.5142763337824322,0.0,6933909.0,223378.0,31391.0,5665472.0,1013668.0
B_dt,remainder,rows,0.09167557499917654,0.006708037477087087,0.5424837687610446,0.0,6933909.0,253060.0,1709.0,6066826.0,612314.0
B_mlp_float,remainder,rows,0.436583152920885,0.03374821897483603,0.7014174669730245,0.0,6933909.0,246171.0,8598.0,3763140.0,2916000.0
B_mlp_int8,remainder,rows,0.4367815317540881,0.030435414041739772,0.7031730588561742,0.0,6933909.0,247015.0,7754.0,3761815.0,2917325.0
lr_stale_threshold,remainder,rows,0.03118784753725779,0.06063139549945244,0.4852782260189027,0.11844747313528343,6933909.0,239322.0,15447.0,6470832.0,208308.0
lr_stale_scaler,remainder,rows,0.20379405132996165,0.12287994222216989,0.5404570545538959,0.09671946949404729,6933909.0,223463.0,31306.0,5317971.0,1361169.0
lr_stale_scaler_threshold,remainder,rows,0.03195456301260342,0.06145959673272651,0.4852474831399385,0.11767849852081994,6933909.0,239111.0,15658.0,6465711.0,213429.0
mlp_float_stale_threshold,remainder,rows,0.5823002662019362,0.05249068764253108,0.7649047892797025,0.14105175017439658,6933909.0,241396.0,13373.0,2789875.0,3889265.0
mlp_float_stale_scaler,remainder,rows,0.4313278356195558,0.0328101142603692,0.6992588606795933,0.00698018967367469,6933909.0,246410.0,8359.0,3798241.0,2880899.0
mlp_float_stale_scaler_threshold,remainder,rows,0.5497345466631932,0.049605721261220946,0.7500644127009862,0.11089877297207103,6933909.0,242131.0,12638.0,3007386.0,3671754.0
mlp_int8_stale_threshold,remainder,rows,0.4273662477504589,0.02914404813772476,0.6991110998063671,0.009116791120275735,6933909.0,247344.0,7425.0,3824701.0,2854439.0
mlp_int8_stale_scaler,remainder,rows,0.41579170372233554,0.02945805808398981,0.6931668228191729,0.038785770046881204,6933909.0,247264.0,7505.0,3902009.0,2777131.0
mlp_int8_stale_scaler_threshold,remainder,rows,0.2595979422500502,0.028300146407137447,0.6156488979214564,0.1733051299058006,6933909.0,247559.0,7210.0,4945249.0,1733891.0
mlp_int8_stale_input_quantization,remainder,rows,0.4363612680674458,0.027562223033414584,0.7043995225170157,0.030775569739954763,6933909.0,247747.0,7022.0,3764622.0,2914518.0
mlp_int8_stale_integer_threshold_code,remainder,rows,0.5306329856837856,0.03132249213993853,0.7496552467719235,0.09043571238099606,6933909.0,246789.0,7980.0,3134968.0,3544172.0
dt_stale_threshold,remainder,rows,0.4214960309261372,0.03896470920716414,0.6912656608594865,0.31888722508472495,6933909.0,244842.0,9927.0,3863909.0,2815231.0
lr_compatible_probability,remainder,rows,0.1517662453549409,0.1232135777900765,0.5142763337824322,0.0,6933909.0,223378.0,31391.0,5665472.0,1013668.0
lr_compatible_decision,remainder,rows,0.1517662453549409,0.1232135777900765,0.5142763337824322,0.0,6933909.0,223378.0,31391.0,5665472.0,1013668.0
mlp_float_compatible_first_layer,remainder,rows,0.436583152920885,0.03374821897483603,0.7014174669730245,0.0,6933909.0,246171.0,8598.0,3763140.0,2916000.0
mlp_int8_compatible_requantized,remainder,rows,0.44597043930805463,0.07389046548049409,0.6860399869137802,0.03135561773308534,6933909.0,235944.0,18825.0,3700441.0,2978699.0
A_lr,remainder,vector_balanced,0.044021739485194014,0.02408797105093861,0.5099668842171278,0.034525979613931064,3782484.9999999986,146607.31051665865,3618.6383063483786,3472360.6894833404,159898.36169365153
A_dt,remainder,vector_balanced,0.02645845186950471,0.048793492564302675,0.48883247965260107,0.023861033156773924,3782484.999999999,142895.90010614635,7330.048716860709,3536155.0998938526,96103.95128313928
A_mlp_float,remainder,vector_balanced,0.13979993668394122,0.05914034622774567,0.5403297952280978,0.3244351266429346,3782484.999999998,141341.53419722273,8884.414625784235,3124469.4658027757,507789.58537421585
A_mlp_int8,remainder,vector_balanced,0.017753327687482248,0.03899669041553954,0.4893783186359713,0.3065119888115882,3782484.9999999995,144367.63400437555,5858.314818631492,3567774.365995624,64484.685181368506
B_lr,remainder,vector_balanced,0.06949228626544644,0.02223992759923122,0.5236261793331075,0.0,3782484.9999999977,146884.93459765753,3341.014225349491,3379845.0654023406,252413.98577465033
B_dt,remainder,vector_balanced,0.0044766476278311085,0.002753559808550843,0.5008615439096401,0.0,3782484.999999998,149812.2926881266,413.65613488044795,3615998.707311872,16260.343865119552
B_mlp_float,remainder,vector_balanced,0.33169037400060875,0.04154832701612834,0.6450710234922402,0.0,3782484.999999999,143984.31197500054,6241.636848006455,2427473.688024999,1204785.363151993
B_mlp_int8,remainder,vector_balanced,0.3319229901837462,0.040150950342551416,0.6458860199205974,0.0,3782484.999999999,144194.23421165175,6031.714611355223,2426628.765788348,1205630.285388644
lr_stale_threshold,remainder,vector_balanced,0.011308310321397074,0.013215343268866961,0.49904648352626507,0.05623155148004554,3782484.999999999,148240.66134141976,1985.2874815872788,3591184.3386585796,41074.71251841272
lr_stale_scaler,remainder,vector_balanced,0.03026466333382062,0.019589842487018373,0.5053374104234011,0.044844857282976686,3782484.9999999986,147283.04614810142,2942.90267490559,3522329.9538518973,109929.09732509438
lr_stale_scaler_threshold,remainder,vector_balanced,0.012381748351302064,0.014007450098161792,0.4991871491265701,0.055169286857713926,3782484.999999999,148121.66634141977,2104.2824815872787,3587285.3336585797,44973.71751841272
mlp_float_stale_threshold,remainder,vector_balanced,0.4470330979227686,0.051562223138016304,0.6977354373923761,0.11115946262840432,3782485.000000001,142479.96492867486,7745.983894332103,2008519.0350713262,1623740.0161056677
mlp_float_stale_scaler,remainder,vector_balanced,0.3221814156599838,0.041288718071697914,0.640446348794143,0.0125837908147686,3782484.999999999,144023.31197500054,6202.636848006455,2462012.688024999,1170246.363151993
mlp_float_stale_scaler_threshold,remainder,vector_balanced,0.3905321718851561,0.05027083505546495,0.6701306684148456,0.059273467046135016,3782485.0,142673.96492867486,7551.983894332103,2213745.035071326,1418514.0161056675
mlp_int8_stale_threshold,remainder,vector_balanced,0.3149745844856307,0.03822718149792594,0.6383737014938523,0.016351684144153913,3782484.999999999,144483.23421165175,5742.714611355222,2488189.765788348,1144069.2853886443
mlp_int8_stale_scaler,remainder,vector_balanced,0.2941123610229498,0.038773025945189915,0.62766966753888,0.0689427717492601,3782484.999999999,144401.23421165175,5824.714611355222,2563966.7657883475,1068292.2853886446
mlp_int8_stale_scaler_threshold,remainder,vector_balanced,0.13091227213944506,0.03690916685697148,0.5470015526412368,0.19777950209981016,3782484.999999998,144681.23421165175,5544.714611355223,3156751.7657883465,475507.28538864484
mlp_int8_stale_input_quantization,remainder,vector_balanced,0.3318453841562505,0.04051630131039374,0.6456645414229284,0.053964258946169,3782484.999999999,144139.34901585424,6086.59980715274,2426910.6509841452,1205348.4001928468
mlp_int8_stale_integer_threshold_code,remainder,vector_balanced,0.3570302302553069,0.04160209777552149,0.6577140662398926,0.02416770985212103,3782484.9999999995,143976.23421165175,6249.7146113552235,2335432.7657883484,1296826.2853886443
dt_stale_threshold,remainder,vector_balanced,0.30450811673071326,0.04974930700428948,0.627379404863212,0.2899818505559177,3782484.999999999,142752.31197500054,7473.636848006455,2526206.6880249986,1106052.3631519934
lr_compatible_probability,remainder,vector_balanced,0.06949228626544644,0.02223992759923122,0.5236261793331075,0.0,3782484.9999999977,146884.93459765753,3341.014225349491,3379845.0654023406,252413.98577465033
lr_compatible_decision,remainder,vector_balanced,0.06949228626544644,0.02223992759923122,0.5236261793331075,0.0,3782484.9999999977,146884.93459765753,3341.014225349491,3379845.0654023406,252413.98577465033
mlp_float_compatible_first_layer,remainder,vector_balanced,0.33169037400060875,0.04154832701612834,0.6450710234922402,0.0,3782484.999999999,143984.31197500054,6241.636848006455,2427473.688024999,1204785.363151993
mlp_int8_compatible_requantized,remainder,vector_balanced,0.34749235470432305,0.0489312896207886,0.6492805325417673,0.05274495470570274,3782484.999999999,142875.19941259065,7350.74941041632,2370076.800587409,1262182.2505895833
A_lr,remainder,frequency_cap100,0.10611666119583886,0.08776401379350049,0.5091763237011692,0.0320176385925461,5944691.999999999,176896.90019674573,17018.822128970794,5140523.099803254,610253.1778710292
A_dt,remainder,frequency_cap100,0.0851391271573484,0.04273468464669962,0.5212022212553244,0.06756615817943133,5944692.0,185628.79508408997,8286.927241626461,5261160.20491591,489616.0727583735
A_mlp_float,remainder,frequency_cap100,0.2614165068938497,0.05284849232162845,0.6042840072861106,0.3533932456046504,5944691.999999999,183667.56876334286,10248.153562373664,4247428.431236656,1503347.8464376265
A_mlp_int8,remainder,frequency_cap100,0.06354590724270329,0.03801498917653171,0.5127654590330858,0.28592162554426703,5944692.0,186544.018240345,7371.704085371439,5385337.981759655,365438.29591462854
B_lr,remainder,frequency_cap100,0.11379617064851728,0.09857210707353449,0.5076120317874914,0.0,5944692.0,174801.0409813842,19114.68134433231,5096359.959018616,654416.3186556678
B_dt,remainder,frequency_cap100,0.017512978245437634,0.003371465432871533,0.5070707564062831,0.0,5944691.999999999,193261.94217100498,653.7801547114676,5650063.0578289945,100713.21984528853
B_mlp_float,remainder,frequency_cap100,0.355973132598634,0.03768726679159259,0.6591429329035207,0.0,5944692.0,186607.56876334286,7308.153562373665,3703654.431236657,2047121.8464376263
B_mlp_int8,remainder,frequency_cap100,0.3556402309329969,0.035389583070475586,0.6601253239312607,0.0,5944692.0,187053.12576179928,6862.596563917222,3705568.874238201,2045207.4034360826
lr_stale_threshold,remainder,frequency_cap100,0.03589941334984648,0.06410261724111278,0.48589839805436685,0.07648016078881797,5944692.000000001,181485.21700043711,12430.505325279308,5544326.782999564,206449.49467472068
lr_stale_scaler,remainder,frequency_cap100,0.09709759824546156,0.09711659872126757,0.49999049976209703,0.03817119541264712,5944691.999999999,175083.28693486514,18832.435390851355,5192389.713065134,558386.5646091484
lr_stale_scaler_threshold,remainder,frequency_cap100,0.036789901825268624,0.0651907188012616,0.4857995915120035,0.07558322617891725,5944692.000000001,181274.21700043711,12641.505325279306,5539205.782999564,211570.49467472068
mlp_float_stale_threshold,remainder,frequency_cap100,0.5196333976099178,0.05221125866519389,0.7337110694723619,0.15879544306080112,5944692.0,183791.13838812063,10124.583937595899,2762480.8616118794,2988295.416062404
mlp_float_stale_scaler,remainder,frequency_cap100,0.3498694348880711,0.036918891756226827,0.6564752715659221,0.008126577457671482,5944692.0,186756.56876334286,7159.153562373665,3738755.431236657,2012020.8464376263
mlp_float_stale_scaler_threshold,remainder,frequency_cap100,0.4818105038826095,0.051834806466658986,0.7149878487079753,0.12373626758123045,5944692.0,183864.13838812063,10051.583937595899,2979991.8616118794,2770784.416062404
mlp_int8_stale_threshold,remainder,frequency_cap100,0.34470501158806494,0.03369296973735252,0.6555060209253563,0.010633856219969007,5944692.0,187382.12576179928,6533.596563917222,3768454.874238201,1982321.4034360829
mlp_int8_stale_scaler,remainder,frequency_cap100,0.3312619568999307,0.034105520091911326,0.6485782184040096,0.04523985431036629,5944692.0,187302.12576179928,6613.596563917223,3845762.874238201,1905013.4034360826
mlp_int8_stale_scaler_threshold,remainder,frequency_cap100,0.1498544477867607,0.03258424065947576,0.5586351035636424,0.20214268459997592,5944692.0,187597.12576179928,6318.596563917224,4888996.8742382005,861779.4034360831
mlp_int8_stale_input_quantization,remainder,frequency_cap100,0.3557339829867863,0.03544039335530879,0.6601467948157388,0.03520905708823939,5944692.0,187043.2728487143,6872.4494770022275,3705029.7271512854,2045746.5505229977
mlp_int8_stale_integer_threshold_code,remainder,frequency_cap100,0.4604278232341369,0.036555037822104196,0.7119363927060164,0.1014074404527602,5944692.0,186827.12576179928,7088.596563917222,3102958.8742382005,2647817.403436083
dt_stale_threshold,remainder,frequency_cap100,0.3384504547662157,0.044540759556700636,0.6469548476047575,0.31181144456264515,5944692.0,185278.56876334286,8637.153562373665,3804423.431236657,1946352.8464376265
lr_compatible_probability,remainder,frequency_cap100,0.11379617064851728,0.09857210707353449,0.5076120317874914,0.0,5944692.0,174801.0409813842,19114.68134433231,5096359.959018616,654416.3186556678
lr_compatible_decision,remainder,frequency_cap100,0.11379617064851728,0.09857210707353449,0.5076120317874914,0.0,5944692.0,174801.0409813842,19114.68134433231,5096359.959018616,654416.3186556678
mlp_float_compatible_first_layer,remainder,frequency_cap100,0.355973132598634,0.03768726679159259,0.6591429329035207,0.0,5944692.0,186607.56876334286,7308.153562373665,3703654.431236657,2047121.8464376263
mlp_int8_compatible_requantized,remainder,frequency_cap100,0.36618720667036603,0.052385121590019124,0.6569010425401735,0.035144125212878984,5944692.0,183757.42363346746,10158.298692249045,3644915.5763665326,2105860.7013077512
A_lr,seen_fit_vector,rows,0.6507296504335726,0.007177310243887718,0.8217761700948424,0.24487465886605458,2100348.0,197394.0,1427.0,664147.0,1237380.0
A_dt,seen_fit_vector,rows,0.6220768887320559,0.2142932587603925,0.7038918149858316,0.2829435883958277,2100348.0,156215.0,42606.0,718631.0,1182896.0
A_mlp_float,seen_fit_vector,rows,0.7567507587323241,0.38258031093294975,0.6870852238996872,0.13887984276891258,2100348.0,122756.0,76065.0,462545.0,1438982.0
A_mlp_int8,seen_fit_vector,rows,0.354976816001035,0.41645500223819415,0.4692609068814204,0.5840165534473335,2100348.0,116021.0,82800.0,1226529.0,674998.0
B_lr,seen_fit_vector,rows,0.3849879596766178,0.03587146227008214,0.6745582487032679,0.0,2100348.0,191689.0,7132.0,1169462.0,732065.0
B_dt,seen_fit_vector,rows,0.3313742060985724,0.006734701062765,0.6623197525179036,0.0,2100348.0,197482.0,1339.0,1271410.0,630117.0
B_mlp_float,seen_fit_vector,rows,0.7917326443432041,0.009506038094567475,0.8911133031243184,0.0,2100348.0,196931.0,1890.0,396026.0,1505501.0
B_mlp_int8,seen_fit_vector,rows,0.8131633155879459,0.011477660810477767,0.900842827388734,0.0,2100348.0,196539.0,2282.0,355275.0,1546252.0
lr_stale_threshold,seen_fit_vector,rows,4.733038237164132e-06,0.0026003289390959705,0.49870220204957055,0.35168981521157444,2100348.0,198304.0,517.0,1901518.0,9.0
lr_stale_scaler,seen_fit_vector,rows,0.6506271012717674,0.037390416505298736,0.8066183423832344,0.2423036563464721,2100348.0,191387.0,7434.0,664342.0,1237185.0
lr_stale_scaler_threshold,seen_fit_vector,rows,0.00014199114711492395,0.0027562480824460194,0.4986928715323345,0.35155079063088596,2100348.0,198273.0,548.0,1901257.0,270.0
mlp_float_stale_threshold,seen_fit_vector,rows,0.8587582506059603,0.40073231700876666,0.7290129667985968,0.09771475964935335,2100348.0,119147.0,79674.0,268575.0,1632952.0
mlp_float_stale_scaler,seen_fit_vector,rows,0.7916753219912207,0.008469930238757476,0.8916026958762316,0.00014997514697564403,2100348.0,197137.0,1684.0,396135.0,1505392.0
mlp_float_stale_scaler_threshold,seen_fit_vector,rows,0.8587540434608607,0.39801630612460454,0.7303688686681281,0.0974538505047735,2100348.0,119687.0,79134.0,268583.0,1632944.0
mlp_int8_stale_threshold,seen_fit_vector,rows,0.8130071253261195,0.011477660810477767,0.9007647322578208,0.0001414051385770358,2100348.0,196539.0,2282.0,355572.0,1545955.0
mlp_int8_stale_scaler,seen_fit_vector,rows,0.7901512836788539,0.006427892425850388,0.8918616956265019,0.02648894373694264,2100348.0,197543.0,1278.0,399033.0,1502494.0
mlp_int8_stale_scaler_threshold,seen_fit_vector,rows,0.7172109572990549,0.006427892425850388,0.8553915324366023,0.08748645462561443,2100348.0,197543.0,1278.0,537731.0,1363796.0
mlp_int8_stale_input_quantization,seen_fit_vector,rows,0.7914334111479879,0.002545002791455631,0.8944442041782662,0.02569859851795988,2100348.0,198315.0,506.0,396595.0,1504932.0
mlp_int8_stale_integer_threshold_code,seen_fit_vector,rows,0.8367827540708073,0.011477660810477767,0.9126525466301647,0.021383599289260636,2100348.0,196539.0,2282.0,310362.0,1591165.0
dt_stale_threshold,seen_fit_vector,rows,0.82557754899089,0.18271711740711494,0.8214302157918876,0.4640802381319667,2100348.0,162493.0,36328.0,331669.0,1569858.0
lr_compatible_probability,seen_fit_vector,rows,0.3849879596766178,0.03587146227008214,0.6745582487032679,0.0,2100348.0,191689.0,7132.0,1169462.0,732065.0
lr_compatible_decision,seen_fit_vector,rows,0.3849879596766178,0.03587146227008214,0.6745582487032679,0.0,2100348.0,191689.0,7132.0,1169462.0,732065.0
mlp_float_compatible_first_layer,seen_fit_vector,rows,0.7917326443432041,0.009506038094567475,0.8911133031243184,0.0,2100348.0,196931.0,1890.0,396026.0,1505501.0
mlp_int8_compatible_requantized,seen_fit_vector,rows,0.8846527028014853,0.5391885163036098,0.6727320932489378,0.11486144200865761,2100348.0,91619.0,107202.0,219336.0,1682191.0
A_lr,seen_fit_vector,vector_balanced,0.2442544197063568,0.014974593509752422,0.6146399130983021,0.10868766798550943,119802.0,2522.5742590972245,38.34878154335181,88604.42574090278,28636.651218456656
A_dt,seen_fit_vector,vector_balanced,0.18865933037107843,0.03685270012627042,0.575903315122404,0.07537436770671609,119801.99999999999,2466.546111777393,94.37692886318382,95122.45388822259,22118.623071136815
A_mlp_float,seen_fit_vector,vector_balanced,0.2902061866599373,0.04096731297861229,0.6246194368406625,0.590440894142001,119802.0,2456.008904920514,104.9141357200619,83216.99109507949,34024.085864279936
A_mlp_int8,seen_fit_vector,vector_balanced,0.06754228071261825,0.007134251467664658,0.5302040146224768,0.7501460743560209,119801.99999999999,2542.6527716793103,18.27026896126627,109322.34722832068,7918.729731038734
B_lr,seen_fit_vector,vector_balanced,0.1558142236472548,0.02271548698894566,0.5665493683291546,0.0,119802.00000000001,2502.750426631214,58.172614009362164,98973.2495733688,18267.827385990644
B_dt,seen_fit_vector,vector_balanced,0.11219910466772146,0.03383785201868944,0.539180626324516,0.0,119801.99999999997,2474.2669057601283,86.65613488044802,104086.73309423985,13154.343865119552
B_mlp_float,seen_fit_vector,vector_balanced,0.8764018527882,0.037760966807206336,0.9193204429904969,0.0,119801.99999999999,2464.2201107071373,96.70292993343871,14490.779889292868,102750.29707006655
B_mlp_int8,seen_fit_vector,vector_balanced,0.8331055890197615,0.035847825571015214,0.8986288817243732,0.0,119801.99999999996,2469.1195181788985,91.80352246167728,19566.8804818211,97674.19647753828
lr_stale_threshold,seen_fit_vector,vector_balanced,7.67649038495251e-05,0.0039048420594078636,0.49808596142222084,0.15281047060983954,119802.00000000001,2550.9230406405773,10.0,117232.07695935943,9.0
lr_stale_scaler,seen_fit_vector,vector_balanced,0.24091411114652536,0.023417398150141988,0.6087483564981917,0.11139213034840821,119802.0,2500.9528861660233,59.970154474552615,88996.04711383398,28245.029845525452
lr_stale_scaler_threshold,seen_fit_vector,vector_balanced,0.0009222450254144336,0.004636999945546838,0.4981426225399338,0.15196741289794827,119802.00000000001,2549.0480406405773,11.875,117132.95195935943,108.125
mlp_float_stale_threshold,seen_fit_vector,vector_balanced,0.8851108029528252,0.05687645865803465,0.9141171721473953,0.008931403482412649,119801.99999999999,2415.266807193174,145.65623344740212,13469.733192806829,103771.34376655259
mlp_float_stale_scaler,seen_fit_vector,vector_balanced,0.8755403799783332,0.036979998395324766,0.9192801907915042,0.0008597519240079465,119801.99999999999,2466.2201107071373,94.70292993343872,14591.779889292868,102649.29707006655
mlp_float_stale_scaler_threshold,seen_fit_vector,vector_balanced,0.8850425674827367,0.06078130071744252,0.9121306333826471,0.008948097694529308,119801.99999999999,2405.266807193174,155.65623344740212,13477.733192806829,103763.34376655259
mlp_int8_stale_threshold,seen_fit_vector,vector_balanced,0.8307941124705147,0.035847825571015214,0.8974731434497497,0.0022620657418073163,119801.99999999996,2469.1195181788985,91.80352246167728,19837.8804818211,97403.19647753828
mlp_int8_stale_scaler,seen_fit_vector,vector_balanced,0.8333616667525673,0.03544842693105693,0.8989566199107553,0.08489841571927015,119801.99999999997,2470.1423473583686,90.78069328220761,19536.857652641633,97704.21930671776
mlp_int8_stale_scaler_threshold,seen_fit_vector,vector_balanced,0.26440578772117046,0.03544842693105693,0.6144786803950568,0.5589055274536318,119802.00000000001,2470.1423473583686,90.78069328220761,86241.85765264164,30999.2193067178
mlp_int8_stale_input_quantization,seen_fit_vector,vector_balanced,0.8735703967170368,0.03579408190915236,0.9188881574039423,0.045608587502712815,119801.99999999999,2469.257151560852,91.66588907972432,14822.742848439151,102418.33411092026
mlp_int8_stale_integer_threshold_code,seen_fit_vector,vector_balanced,0.8395708998106437,0.035847825571015214,0.9018615371198142,0.006327106392213821,119801.99999999997,2469.1195181788985,91.80352246167728,18808.880481821103,98432.1964775383
dt_stale_threshold,seen_fit_vector,vector_balanced,0.8734197235357792,0.036834755915071786,0.9182924838103538,0.7450126041301481,119801.99999999999,2466.592065521297,94.33097511927909,14840.407934478708,102400.6690248807
lr_compatible_probability,seen_fit_vector,vector_balanced,0.1558142236472548,0.02271548698894566,0.5665493683291546,0.0,119802.00000000001,2502.750426631214,58.172614009362164,98973.2495733688,18267.827385990644
lr_compatible_decision,seen_fit_vector,vector_balanced,0.1558142236472548,0.02271548698894566,0.5665493683291546,0.0,119802.00000000001,2502.750426631214,58.172614009362164,98973.2495733688,18267.827385990644
mlp_float_compatible_first_layer,seen_fit_vector,vector_balanced,0.8764018527882,0.037760966807206336,0.9193204429904969,0.0,119801.99999999999,2464.2201107071373,96.70292993343871,14490.779889292868,102750.29707006655
mlp_int8_compatible_requantized,seen_fit_vector,vector_balanced,0.8338861153760729,0.06844944930820737,0.8827183330339328,0.004549172801789621,119801.99999999997,2385.6292687880286,175.2937718525474,19475.370731211973,97765.70622814742
A_lr,seen_fit_vector,frequency_cap100,0.4417986431056512,0.049503139138736246,0.6961477519834576,0.09961759255346762,662644.0,20040.425202484417,1043.7319659310544,358119.57479751564,283440.2680340689
A_dt,seen_fit_vector,frequency_cap100,0.380730269026902,0.024271704948232276,0.6782292820393347,0.22284967493857943,662643.9999999999,20572.40872654153,511.74844187393666,397298.5912734583,244261.25155812607
A_mlp_float,seen_fit_vector,frequency_cap100,0.5535699294945733,0.04542572081586129,0.754072104339356,0.26793723326552427,662643.9999999998,20126.394131245288,957.7630371701816,286411.6058687547,355148.23696282966
A_mlp_int8,seen_fit_vector,frequency_cap100,0.22786144194506047,0.055029428450994865,0.5864160067470328,0.4716604994537038,662643.9999999998,19923.908050066613,1160.2491183488492,495373.0919499331,146186.75088165115
B_lr,seen_fit_vector,frequency_cap100,0.34537004447814273,0.09729810537262255,0.6240359695527601,0.0,662644.0,19032.708622550046,2051.4485458654235,419984.29137744993,221575.5514541346
B_dt,seen_fit_vector,frequency_cap100,0.1512769555789762,0.013459402358116386,0.5689087766104298,0.0,662643.9999999999,20800.377013703997,283.7801547114676,544506.6229862958,97053.21984528853
B_mlp_float,seen_fit_vector,frequency_cap100,0.7201628732317663,0.02710187709763609,0.846530498067065,0.0,662643.9999999997,20512.736932129832,571.420236285639,179532.26306787017,462027.57976371405
B_mlp_int8,seen_fit_vector,frequency_cap100,0.7118663347576651,0.017128792623362095,0.8473687710671516,0.0,662643.9999999997,20723.01101263931,361.14615577616195,184854.98898736067,456704.85384422354
lr_stale_threshold,seen_fit_vector,frequency_cap100,1.402830944074937e-05,0.014655553813784356,0.4926792372478282,0.3369969395331429,662644.0000000001,20775.157168415462,309.0,641550.8428315846,9.0
lr_stale_scaler,seen_fit_vector,frequency_cap100,0.4413692667512373,0.10226648260877641,0.6695513920712304,0.09838465299617895,662644.0,18927.954576031,2156.202592384469,358395.04542396904,283164.7974076155
lr_stale_scaler_threshold,seen_fit_vector,frequency_cap100,0.00042084928322248105,0.016125852092837154,0.4921474985951927,0.336556280597123,662644.0000000001,20744.157168415462,340.0,641289.8428315846,270.0
mlp_float_stale_threshold,seen_fit_vector,frequency_cap100,0.7769026213825903,0.09198737776650438,0.842457621808043,0.056998931552990774,662643.9999999997,19144.68083807609,1939.4763303393854,143130.3191619239,498429.5236696603
mlp_float_stale_scaler,seen_fit_vector,frequency_cap100,0.7199929748174283,0.021600115795373992,0.8491964295110271,0.00033954883768660114,662643.9999999997,20628.736932129832,455.42023628563874,179641.26306787017,461918.57976371405
mlp_float_stale_scaler_threshold,seen_fit_vector,frequency_cap100,0.7768901517741984,0.09777371292922829,0.8395582194224851,0.05717096963075199,662643.9999999997,19022.68083807609,2061.476330339385,143138.3191619239,498421.5236696603
mlp_int8_stale_threshold,seen_fit_vector,frequency_cap100,0.7114034005461204,0.017128792623362095,0.8471373039613792,0.0004482044657463135,662643.9999999997,20723.01101263931,361.14615577616195,185151.98898736067,456407.85384422354
mlp_int8_stale_scaler,seen_fit_vector,frequency_cap100,0.7104265359729155,0.01697308718440412,0.8467267243942557,0.017808959260175908,662643.9999999998,20726.293930586275,357.8632378291949,185778.70606941372,455781.1367621705
mlp_int8_stale_scaler_threshold,seen_fit_vector,frequency_cap100,0.4942378178825759,0.01697308718440412,0.7386323653490859,0.21114957654487182,662643.9999999998,20726.293930586275,357.8632378291949,324476.7060694137,317083.13676217064
mlp_int8_stale_input_quantization,seen_fit_vector,frequency_cap100,0.7194422921046992,0.01554324170022436,0.8519495252022374,0.009134618286742207,662643.9999999997,20756.441017501267,327.71615091419966,179994.5589824987,461565.2838490855
mlp_int8_stale_integer_threshold_code,seen_fit_vector,frequency_cap100,0.7658581803930116,0.017128792623362095,0.8743646938848247,0.05227392083833856,662643.9999999997,20723.01101263931,361.14615577616195,150215.98898736067,491343.85384422354
dt_stale_threshold,seen_fit_vector,frequency_cap100,0.7197719439655624,0.029843486265235582,0.8449642288501634,0.5509277983351546,662643.9999999997,20454.932413545794,629.2247548696754,179783.0675864542,461776.77524513
lr_compatible_probability,seen_fit_vector,frequency_cap100,0.34537004447814273,0.09729810537262255,0.6240359695527601,0.0,662644.0,19032.708622550046,2051.4485458654235,419984.29137744993,221575.5514541346
lr_compatible_decision,seen_fit_vector,frequency_cap100,0.34537004447814273,0.09729810537262255,0.6240359695527601,0.0,662644.0,19032.708622550046,2051.4485458654235,419984.29137744993,221575.5514541346
mlp_float_compatible_first_layer,seen_fit_vector,frequency_cap100,0.7201628732317663,0.02710187709763609,0.846530498067065,0.0,662643.9999999997,20512.736932129832,571.420236285639,179532.26306787017,462027.57976371405
mlp_int8_compatible_requantized,seen_fit_vector,frequency_cap100,0.7125299561539353,0.09568290071881547,0.80842352771756,0.003730509896716791,662643.9999999997,19066.763851330074,2017.393317085399,184429.2361486699,457130.6066829143
A_lr,unseen_fit_vector,rows,0.0694143713519452,0.18838496121733117,0.44051470506730706,0.02355924627269664,5362523.0,164279.0,38131.0,4801927.0,358186.0
A_dt,unseen_fit_vector,rows,0.047746628804446724,0.03882219257941801,0.5044622181125143,0.0475142018038897,5362523.0,194552.0,7858.0,4913735.0,246378.0
A_mlp_float,unseen_fit_vector,rows,0.22571017340124142,0.04661825008645818,0.5895459616573916,0.36129075810024497,5362523.0,192974.0,9436.0,3995423.0,1164690.0
A_mlp_int8,unseen_fit_vector,rows,0.04265643019833093,0.03140655105973025,0.5056249395693003,0.25908327106475815,5362523.0,196053.0,6357.0,4940001.0,220112.0
B_lr,unseen_fit_vector,rows,0.08996237097908515,0.20369546959142334,0.44313345069383087,0.0,5362523.0,161180.0,41230.0,4695897.0,464216.0
B_dt,unseen_fit_vector,rows,0.000767425054451327,0.0018279729262388222,0.4994697260641063,0.0,5362523.0,202040.0,370.0,5156153.0,3960.0
B_mlp_float,unseen_fit_vector,rows,0.30766089812374264,0.03329380959438763,0.6371835442646776,0.0,5362523.0,195671.0,6739.0,3572548.0,1587565.0
B_mlp_int8,unseen_fit_vector,rows,0.30834034060882,0.03214268069759399,0.6380988299556131,0.0,5362523.0,195904.0,6506.0,3569042.0,1591071.0
lr_stale_threshold,unseen_fit_vector,rows,0.04565965900359159,0.15745269502494935,0.44410348198932115,0.04437594020575763,5362523.0,170540.0,31870.0,4924504.0,235609.0
lr_stale_scaler,unseen_fit_vector,rows,0.05941672207565997,0.2017835087199249,0.4288166066778676,0.03015781936972578,5362523.0,161567.0,40843.0,4853516.0,306597.0
lr_stale_scaler_threshold,unseen_fit_vector,rows,0.04660149884314549,0.15834197915122772,0.4441297598459589,0.043436084096981964,5362523.0,170360.0,32050.0,4919644.0,240469.0
mlp_float_stale_threshold,unseen_fit_vector,rows,0.48573626197720865,0.041168914579319205,0.7222836736989446,0.1716511052726487,5362523.0,194077.0,8333.0,2653659.0,2506454.0
mlp_float_stale_scaler,unseen_fit_vector,rows,0.30087965127895455,0.033130774171236596,0.6338744385538589,0.008966861307634485,5362523.0,195704.0,6706.0,3607540.0,1552573.0
mlp_float_stale_scaler_threshold,unseen_fit_vector,rows,0.4435854408614695,0.04020552344251766,0.7016899587094759,0.13276455877205562,5362523.0,194272.0,8138.0,2871162.0,2288951.0
mlp_int8_stale_threshold,unseen_fit_vector,rows,0.29621095507017,0.030517266933451904,0.632846844068359,0.011732910049989529,5362523.0,196233.0,6177.0,3631631.0,1528482.0
mlp_int8_stale_scaler,unseen_fit_vector,rows,0.28133162975306936,0.030917444790277162,0.6252070924813962,0.04796921150734458,5362523.0,196152.0,6258.0,3708410.0,1451703.0
mlp_int8_stale_scaler_threshold,unseen_fit_vector,rows,0.10603663136834407,0.029460006916654315,0.5382883122258448,0.19801593391767272,5362523.0,196447.0,5963.0,4612952.0,547161.0
mlp_int8_stale_input_quantization,unseen_fit_vector,rows,0.3074839640139664,0.032345239859690726,0.6375693620771379,0.037921329195231425,5362523.0,195863.0,6547.0,3573461.0,1586652.0
mlp_int8_stale_integer_threshold_code,unseen_fit_vector,rows,0.42111577789091054,0.033259226322810136,0.6939282757840501,0.10856083973905567,5362523.0,195678.0,6732.0,2987108.0,2173005.0
dt_stale_threshold,unseen_fit_vector,rows,0.28820764196442983,0.039884393063583816,0.6241616244504231,0.27802715251757426,5362523.0,194337.0,8073.0,3672929.0,1487184.0
lr_compatible_probability,unseen_fit_vector,rows,0.08996237097908515,0.20369546959142334,0.44313345069383087,0.0,5362523.0,161180.0,41230.0,4695897.0,464216.0
lr_compatible_decision,unseen_fit_vector,rows,0.08996237097908515,0.20369546959142334,0.44313345069383087,0.0,5362523.0,161180.0,41230.0,4695897.0,464216.0
mlp_float_compatible_first_layer,unseen_fit_vector,rows,0.30766089812374264,0.03329380959438763,0.6371835442646776,0.0,5362523.0,195671.0,6739.0,3572548.0,1587565.0
mlp_int8_compatible_requantized,unseen_fit_vector,rows,0.3200420223355574,0.04145546168667556,0.6392932803244409,0.038573074651614546,5362523.0,194019.0,8391.0,3508660.0,1651453.0
A_lr,unseen_fit_vector,vector_balanced,0.0373459598750326,0.02424801250119972,0.5065489736869164,0.03210006380533721,3662702.999999999,144088.2071126032,3580.6769467084,3383761.7928873957,131272.3230532916
A_dt,unseen_fit_vector,vector_balanced,0.02105114703280695,0.049004907473218534,0.48602311977979423,0.022178156405255906,3662702.999999999,140432.3840593116,7236.5,3441038.6159406872,73995.5
A_mlp_float,unseen_fit_vector,vector_balanced,0.134786475993588,0.059463701991482154,0.5376613870010529,0.3157332166981599,3662702.9999999986,138887.94554419394,8780.938515117632,3041255.054455805,473779.0614848823
A_mlp_int8,unseen_fit_vector,vector_balanced,0.016095007369468912,0.03955809673250965,0.4882684553184797,0.2920023818475045,3662702.999999999,141827.3840593116,5841.5,3458459.6159406872,56574.5
B_lr,unseen_fit_vector,vector_balanced,0.06661578899187777,0.022233722792438685,0.5221910330997195,0.0,3662702.9999999986,144385.6550260681,3283.229033243502,3280877.3449739306,234156.77096675645
B_dt,unseen_fit_vector,vector_balanced,0.0008844864366751601,0.002214413700510254,0.4993350363680825,0.0,3662702.999999999,147341.88405931165,327.0,3511925.1159406872,3109.0
B_mlp_float,unseen_fit_vector,vector_balanced,0.3135241437592573,0.041612954240579904,0.6359555947593387,0.0,3662702.9999999995,141523.94554419396,6144.938515117632,2412986.0544558056,1102048.0614848821
B_mlp_int8,unseen_fit_vector,vector_balanced,0.31520890692361575,0.04022471323567286,0.6374920968439715,0.0,3662702.9999999995,141728.94554419396,5939.938515117632,2407064.0544558056,1107970.0614848821
lr_stale_threshold,unseen_fit_vector,vector_balanced,0.011683052948851354,0.013379056251637296,0.4991519983486071,0.05307501044993276,3662702.999999999,145693.21375286556,1975.6703064460357,3473967.7862471333,41066.32969355396
lr_stale_scaler,unseen_fit_vector,vector_balanced,0.023241504168389153,0.019525575483974794,0.5018579643422072,0.04266794222736597,3662702.9999999995,144785.56411697718,2883.319942334411,3433339.435883022,81694.68005766558
lr_stale_scaler_threshold,unseen_fit_vector,vector_balanced,0.012764089398189793,0.014172182039416384,0.4992959536793867,0.052005581670149084,3662702.999999999,145576.09375286556,2092.790306446036,3470167.9062471334,44866.20969355396
mlp_float_stale_threshold,unseen_fit_vector,vector_balanced,0.4324234591612509,0.05147860745033026,0.6904724258554603,0.11450341455477007,3662703.0,140067.09554419393,7601.7885151176315,1995050.9044558066,1519983.2114848823
mlp_float_stale_scaler,unseen_fit_vector,vector_balanced,0.3037267993056648,0.041362393668962535,0.6311822028183512,0.012967199360690726,3662702.9999999995,141560.94554419396,6107.938515117632,2447424.0544558056,1067610.0614848821
mlp_float_stale_scaler_threshold,unseen_fit_vector,vector_balanced,0.3740405265264478,0.05009713835276423,0.6619716940868418,0.060920036377505905,3662703.0,140271.09554419393,7397.7885151176315,2200268.9044558066,1314765.2114848823
mlp_int8_stale_threshold,unseen_fit_vector,vector_balanced,0.2977723763016085,0.03826763201412098,0.6297523721437437,0.016812446982460767,3662703.0,142017.94554419396,5650.938515117631,2468354.0544558056,1046680.0614848825
mlp_int8_stale_scaler,unseen_fit_vector,vector_balanced,0.276128489644867,0.0388297003234248,0.6186493946607211,0.06842078104612906,3662702.999999999,141934.94554419396,5733.938515117631,2544433.054455805,970601.0614848825
mlp_int8_stale_scaler_threshold,unseen_fit_vector,vector_balanced,0.1264628014473539,0.03693356626794202,0.544764617589706,0.18596675733740908,3662702.9999999986,142214.94554419396,5453.938515117631,3070513.054455805,444521.06148488226
mlp_int8_stale_input_quantization,unseen_fit_vector,vector_balanced,0.3137787643320538,0.04059716813942841,0.6365907980963127,0.0542375398715102,3662702.9999999995,141673.94554419396,5994.938515117632,2412091.0544558056,1102943.0614848821
mlp_int8_stale_integer_threshold_code,unseen_fit_vector,vector_balanced,0.3409378179432451,0.041700989036013034,0.6496184144536161,0.02475111959664761,3662703.0000000005,141510.94554419396,6157.938515117632,2316626.0544558065,1198408.0614848821
dt_stale_threshold,unseen_fit_vector,vector_balanced,0.2855352262253315,0.04997625980672719,0.6177794832093021,0.27510011049216937,3662702.999999999,140288.94554419396,7379.938515117631,2511368.054455805,1003666.0614848825
lr_compatible_probability,unseen_fit_vector,vector_balanced,0.06661578899187777,0.022233722792438685,0.5221910330997195,0.0,3662702.9999999986,144385.6550260681,3283.229033243502,3280877.3449739306,234156.77096675645
lr_compatible_decision,unseen_fit_vector,vector_balanced,0.06661578899187777,0.022233722792438685,0.5221910330997195,0.0,3662702.9999999986,144385.6550260681,3283.229033243502,3280877.3449739306,234156.77096675645
mlp_float_compatible_first_layer,unseen_fit_vector,vector_balanced,0.3135241437592573,0.041612954240579904,0.6359555947593387,0.0,3662702.9999999995,141523.94554419396,6144.938515117632,2412986.0544558056,1102048.0614848821
mlp_int8_compatible_requantized,unseen_fit_vector,vector_balanced,0.3312719089138225,0.04860833452384319,0.6413317871949896,0.054322176818595455,3662702.9999999995,140490.94554419396,7177.938515117632,2350602.0544558056,1164432.0614848821
A_lr,unseen_fit_vector,frequency_cap100,0.06415281445408251,0.0924493325394639,0.4858517409573094,0.023528173854590266,5284048.000000001,157203.56049844486,16013.83235337704,4782956.439501556,327874.167646623
A_dt,unseen_fit_vector,frequency_cap100,0.0482058629874009,0.045364959434080004,0.5014204517766605,0.04821871413734319,5284048.0,165359.3928518219,7858.0,4864458.607148178,246372.0
A_mlp_float,unseen_fit_vector,frequency_cap100,0.22492543684810123,0.0544644673102779,0.5852304847689117,0.3640139150893406,5284048.0,163783.19982127228,9434.193030549619,3961274.8001787276,1149555.8069694503
A_mlp_int8,unseen_fit_vector,frequency_cap100,0.04306658093738275,0.036699547864907936,0.5031835165362374,0.26271014192149655,5284048.0,166860.3928518219,6357.0,4890724.607148178,220106.0
B_lr,unseen_fit_vector,frequency_cap100,0.08489853379298583,0.09873128042883086,0.49308362668207745,0.0,5284048.0,156115.4178630177,17101.97498880419,4676928.582136982,433902.02501119586
B_dt,unseen_fit_vector,frequency_cap100,0.0007748251320365445,0.0021360441576240264,0.49931939048720625,0.0,5284048.0,172847.3928518219,370.0,5106870.607148178,3960.0
B_mlp_float,unseen_fit_vector,frequency_cap100,0.3103984320573386,0.03889443732889412,0.6357519973642222,0.0,5284048.0,166480.19982127228,6737.193030549619,3524436.8001787276,1586393.8069694503
B_mlp_int8,unseen_fit_vector,frequency_cap100,0.31108442622726795,0.03754930681882277,0.6367675597042225,0.0,5284048.0,166713.19982127228,6504.193030549619,3520930.8001787276,1589899.8069694503
lr_stale_threshold,unseen_fit_vector,frequency_cap100,0.04040482419824757,0.07019957759990679,0.48510262329917037,0.043970455983745806,5284047.999999999,161057.60504066688,12159.787811155013,4904328.394959332,206502.21218884498
lr_stale_scaler,unseen_fit_vector,frequency_cap100,0.05405834124589792,0.0964970937018025,0.4787806237720477,0.03060570229490724,5284048.0,156502.4178630177,16714.97498880419,4834547.582136982,276283.02501119586
lr_stale_scaler_threshold,unseen_fit_vector,frequency_cap100,0.04135574595120151,0.0712387342171293,0.4850585058670361,0.043016641786751374,5284047.999999999,160877.60504066688,12339.787811155013,4899468.394959332,211362.21218884498
mlp_float_stale_threshold,unseen_fit_vector,frequency_cap100,0.4874588884798897,0.04809674648363114,0.7196810709981294,0.17155786624194178,5284048.0,164886.19982127228,8331.193030549619,2619510.8001787276,2491319.806969451
mlp_float_stale_scaler,unseen_fit_vector,frequency_cap100,0.30355179543607025,0.03870392528240332,0.6324239350768335,0.009100030885412093,5284048.0,166513.19982127228,6704.193030549619,3559428.8001787276,1551401.8069694503
mlp_float_stale_scaler_threshold,unseen_fit_vector,frequency_cap100,0.4449016181027825,0.0469709934816401,0.6989653123105712,0.13209380384129743,5284048.0,165081.19982127228,8136.193030549619,2837013.8001787276,2273816.806969451
mlp_int8_stale_threshold,unseen_fit_vector,frequency_cap100,0.2988380802199358,0.03564995944623276,0.6315940603868515,0.011907159056844299,5284048.0,167042.19982127228,6175.193030549619,3583519.8001787276,1527310.8069694503
mlp_int8_stale_scaler,unseen_fit_vector,frequency_cap100,0.2838152774894727,0.03611757992398288,0.6238488487827449,0.04868161682104326,5284048.0,166961.19982127228,6256.193030549619,3660298.8001787276,1450531.8069694503
mlp_int8_stale_scaler_threshold,unseen_fit_vector,frequency_cap100,0.10683112960265254,0.03441451769020156,0.5362083059562255,0.20095559313617137,5284048.0,167256.19982127228,5961.193030549619,4564834.800178727,545995.8069694503
mlp_int8_stale_input_quantization,unseen_fit_vector,frequency_cap100,0.3102197918185635,0.03778600360385678,0.6362168941073534,0.03848451036023897,5284048.0,166672.19982127228,6545.193030549619,3525349.8001787276,1585480.8069694503
mlp_int8_stale_integer_threshold_code,unseen_fit_vector,frequency_cap100,0.4222152860929065,0.0388540256826688,0.6916806302051188,0.10753062803365904,5284048.0,166487.19982127228,6730.193030549619,2952959.8001787276,2157870.806969451
dt_stale_threshold,unseen_fit_vector,frequency_cap100,0.29075759327477285,0.04659574248097642,0.6220809253968982,0.2819342292121495,5284048.0,165146.19982127228,8071.193030549619,3624817.8001787276,1486012.8069694503
lr_compatible_probability,unseen_fit_vector,frequency_cap100,0.08489853379298583,0.09873128042883086,0.49308362668207745,0.0,5284048.0,156115.4178630177,17101.97498880419,4676928.582136982,433902.02501119586
lr_compatible_decision,unseen_fit_vector,frequency_cap100,0.08489853379298583,0.09873128042883086,0.49308362668207745,0.0,5284048.0,156115.4178630177,17101.97498880419,4676928.582136982,433902.02501119586
mlp_float_compatible_first_layer,unseen_fit_vector,frequency_cap100,0.3103984320573386,0.03889443732889412,0.6357519973642222,0.0,5284048.0,166480.19982127228,6737.193030549619,3524436.8001787276,1586393.8069694503
mlp_int8_compatible_requantized,unseen_fit_vector,frequency_cap100,0.3228989441875282,0.0484315858380695,0.6372336791747293,0.039145935086130935,5284048.0,164828.19982127228,8389.193030549619,3460548.8001787276,1650281.8069694503
A_lr,seen_fit_or_cal_vector,rows,0.4999758149463632,0.011076459301201354,0.7444496778225809,0.19286380683285279,2703234.0,199455.0,2234.0,1250833.0,1250712.0
A_dt,seen_fit_or_cal_vector,rows,0.4761417444019596,0.21125594355666397,0.6324429004226478,0.22287748674365593,2703234.0,159081.0,42608.0,1310455.0,1191090.0
A_mlp_float,seen_fit_or_cal_vector,rows,0.6439996082421063,0.3771549266444873,0.6334223407988095,0.31063681501490437,2703234.0,125621.0,76068.0,890551.0,1610994.0
A_mlp_int8,seen_fit_or_cal_vector,rows,0.27294292127465225,0.4105380065348135,0.43120245736991936,0.6045359003327127,2703234.0,118888.0,82801.0,1818766.0,682779.0
B_lr,seen_fit_or_cal_vector,rows,0.30061541967064354,0.04132600191383764,0.629644708878403,0.0,2703234.0,193354.0,8335.0,1749542.0,752003.0
B_dt,seen_fit_or_cal_vector,rows,0.2518975273281112,0.0066389342006752975,0.6226292965637179,0.0,2703234.0,200350.0,1339.0,1871412.0,630133.0
B_mlp_float,seen_fit_or_cal_vector,rows,0.7694936529224939,0.009385737447257908,0.8800539577376181,0.0,2703234.0,199796.0,1893.0,576622.0,1924923.0
B_mlp_int8,seen_fit_or_cal_vector,rows,0.7841505949323319,0.01132436573139834,0.8864131146004667,0.0,2703234.0,199405.0,2284.0,539957.0,1961588.0
lr_stale_threshold,seen_fit_or_cal_vector,rows,1.79888828703861e-05,0.0027567195037904893,0.49863063468953994,0.2810474416939118,2703234.0,201133.0,556.0,2501500.0,45.0
lr_stale_scaler,seen_fit_or_cal_vector,rows,0.49918270508825546,0.04282831488083138,0.7281771951037121,0.19137004047744294,2703234.0,193051.0,8638.0,1252817.0,1248728.0
lr_stale_scaler_threshold,seen_fit_or_cal_vector,rows,0.00013431699209888288,0.00292529587632444,0.49860451055788724,0.2809272153280108,2703234.0,201099.0,590.0,2501209.0,336.0
mlp_float_stale_threshold,seen_fit_or_cal_vector,rows,0.8807712833468916,0.39504881277610576,0.7428612352853928,0.13174960066350158,2703234.0,122012.0,79677.0,298256.0,2203289.0
mlp_float_stale_scaler,seen_fit_or_cal_vector,rows,0.768567825084098,0.008364362954846322,0.8801017310646259,0.0009366558721886452,2703234.0,200002.0,1687.0,578938.0,1922607.0
mlp_float_stale_scaler_threshold,seen_fit_or_cal_vector,rows,0.8805266345398544,0.3923714233299783,0.7440776056049381,0.13132344443729252,2703234.0,122552.0,79137.0,298868.0,2202677.0
mlp_int8_stale_threshold,seen_fit_or_cal_vector,rows,0.7821238474622684,0.01132436573139834,0.8853997408654349,0.0018755313080554624,2703234.0,199405.0,2284.0,545027.0,1956518.0
mlp_int8_stale_scaler,seen_fit_or_cal_vector,rows,0.7655404959734884,0.006346404613042853,0.8795970456802228,0.024293864312153517,2703234.0,200409.0,1280.0,586511.0,1915034.0
mlp_int8_stale_scaler_threshold,seen_fit_or_cal_vector,rows,0.5615405679290199,0.006346404613042853,0.7775970816579885,0.2064982165805846,2703234.0,200409.0,1280.0,1096826.0,1404719.0
mlp_int8_stale_input_quantization,seen_fit_or_cal_vector,rows,0.7665134946602999,0.002523687459405322,0.8819949036004474,0.023689773064410998,2703234.0,201180.0,509.0,584077.0,1917468.0
mlp_int8_stale_integer_threshold_code,seen_fit_or_cal_vector,rows,0.8616694882562577,0.01132436573139834,0.9251725612624296,0.07173518829668464,2703234.0,199405.0,2284.0,346040.0,2155505.0
dt_stale_threshold,seen_fit_or_cal_vector,rows,0.7921508507742215,0.18012881218113036,0.8060110192965456,0.5128890062791457,2703234.0,165359.0,36330.0,519944.0,1981601.0
lr_compatible_probability,seen_fit_or_cal_vector,rows,0.30061541967064354,0.04132600191383764,0.629644708878403,0.0,2703234.0,193354.0,8335.0,1749542.0,752003.0
lr_compatible_decision,seen_fit_or_cal_vector,rows,0.30061541967064354,0.04132600191383764,0.629644708878403,0.0,2703234.0,193354.0,8335.0,1749542.0,752003.0
mlp_float_compatible_first_layer,seen_fit_or_cal_vector,rows,0.7694936529224939,0.009385737447257908,0.8800539577376181,0.0,2703234.0,199796.0,1893.0,576622.0,1924923.0
mlp_int8_compatible_requantized,seen_fit_or_cal_vector,rows,0.8364342836127273,0.5316006326572099,0.6524168254777587,0.09180855227479381,2703234.0,94471.0,107218.0,409167.0,2092378.0
A_lr,seen_fit_or_cal_vector,vector_balanced,0.0970624562552973,0.0151908363953765,0.5409358099299604,0.052152027953421824,368327.0,3244.420993441648,50.045704620274904,329601.57900655834,35430.95429537972
A_dt,seen_fit_or_cal_vector,vector_balanced,0.06935716891347664,0.029254182147259427,0.5200514933831086,0.033209620798909656,368327.0000000001,3198.089769198739,96.3769288631838,339714.9102308014,25317.623071136815
A_mlp_float,seen_fit_or_cal_vector,vector_balanced,0.14547472922715812,0.03247598734566841,0.5564993709407449,0.7902163023617602,368326.99999999994,3187.4756392649374,106.99105879698497,311929.524360735,53103.008941203014
A_mlp_int8,seen_fit_or_cal_vector,vector_balanced,0.02945964742858616,0.005849283276289495,0.5118051820761483,0.8511838665099218,368327.0,3275.1964291006557,19.27026896126627,354278.80357089936,10753.729731038733
B_lr,seen_fit_or_cal_vector,vector_balanced,0.08557957884009748,0.022665136402869702,0.5314572212186139,0.0,368327.00000000006,3219.797160975638,74.66953708628525,333793.2028390244,31239.330462913727
B_dt,seen_fit_or_cal_vector,vector_balanced,0.03604430472567332,0.026303539486808688,0.5048703826194323,0.0,368327.00000000006,3207.8105631814747,86.65613488044802,351875.1894368186,13157.343865119552
B_mlp_float,seen_fit_or_cal_vector,vector_balanced,0.9124809154242614,0.029983563976674055,0.9412486757237936,0.0,368327.00000000006,3195.686845051561,98.77985301036179,31947.313154948446,333085.2201469897
B_mlp_int8,seen_fit_or_cal_vector,vector_balanced,0.8879924115868946,0.028192862168933235,0.9298997747089807,0.0,368327.00000000006,3201.586252523322,92.88044553860036,40886.41374747668,324146.11955446145
lr_stale_threshold,seen_fit_or_cal_vector,vector_balanced,0.00011094901496492167,0.005008397872015724,0.4975512755714746,0.08486209265136685,368327.0,3277.966698061922,16.5,364992.0333019381,40.5
lr_stale_scaler,seen_fit_or_cal_vector,vector_balanced,0.09122072660549825,0.023514299779399263,0.5338532134130495,0.057731309407130074,368327.0,3216.999620510447,77.46707755147568,331734.00037948956,33298.53292244853
lr_stale_scaler_threshold,seen_fit_or_cal_vector,vector_balanced,0.0004068267522806344,0.005613958705632172,0.4973964340233242,0.08456344498231191,368327.0,3275.971698061922,18.495,364884.0283019381,148.505
mlp_float_stale_threshold,seen_fit_or_cal_vector,vector_balanced,0.9293617305142114,0.04484281374318763,0.942259458385512,0.016862733386365916,368327.00000000006,3146.7335415375974,147.73315652432515,25785.266458462404,339247.26684347575
mlp_float_stale_scaler,seen_fit_or_cal_vector,vector_balanced,0.9063691314147122,0.029376485446732763,0.9384963229839898,0.006089697469911246,368327.00000000006,3197.686845051561,96.7798530103618,34178.31315494845,330854.2201469897
mlp_float_stale_scaler_threshold,seen_fit_or_cal_vector,vector_balanced,0.9276988650306631,0.04787820639289413,0.9399103293188844,0.015241891037040453,368327.00000000006,3136.7335415375974,157.73315652432518,26392.266458462404,338640.26684347575
mlp_int8_stale_threshold,seen_fit_or_cal_vector,vector_balanced,0.8748401592203121,0.028192862168933235,0.9233236485256895,0.013034613264843465,368327.00000000006,3201.586252523322,92.88044553860036,45687.41374747668,319345.11955446145
mlp_int8_stale_scaler,seen_fit_or_cal_vector,vector_balanced,0.8805931336475049,0.027882393351606475,0.9263553701479491,0.05356653191321842,368327.0,3202.609081702792,91.85761635913069,43587.39091829721,321445.14238364086
mlp_int8_stale_scaler_threshold,seen_fit_or_cal_vector,vector_balanced,0.17139881154617265,0.027882393351606475,0.571758209097283,0.7110773850410098,368326.99999999994,3202.609081702792,91.85761635913069,302466.39091829717,62566.142383640865
mlp_int8_stale_input_quantization,seen_fit_or_cal_vector,vector_balanced,0.8938059691188383,0.02845462429831046,0.932675672410264,0.04055363847885166,368327.0000000001,3200.723885905275,93.7428121566474,38764.27611409473,326268.25718784344
mlp_int8_stale_integer_threshold_code,seen_fit_or_cal_vector,vector_balanced,0.8991366237567044,0.028192862168933235,0.9354718807938857,0.01104453379741371,368327.00000000006,3201.586252523322,92.88044553860036,36818.41374747669,328214.11955446145
dt_stale_threshold,seen_fit_or_cal_vector,vector_balanced,0.8916399564654248,0.028960043290869805,0.9313399565872774,0.8479666166205572,368327.00000000006,3199.05879986572,95.40789819620217,39554.941200134286,325477.59210180386
lr_compatible_probability,seen_fit_or_cal_vector,vector_balanced,0.08557957884009748,0.022665136402869702,0.5314572212186139,0.0,368327.00000000006,3219.797160975638,74.66953708628525,333793.2028390244,31239.330462913727
lr_compatible_decision,seen_fit_or_cal_vector,vector_balanced,0.08557957884009748,0.022665136402869702,0.5314572212186139,0.0,368327.00000000006,3219.797160975638,74.66953708628525,333793.2028390244,31239.330462913727
mlp_float_compatible_first_layer,seen_fit_or_cal_vector,vector_balanced,0.9124809154242614,0.029983563976674055,0.9412486757237936,0.0,368327.00000000006,3195.686845051561,98.77985301036179,31947.313154948446,333085.2201469897
mlp_int8_compatible_requantized,seen_fit_or_cal_vector,vector_balanced,0.8749620928742978,0.05687436301593136,0.9090438649291832,0.019287209463330134,368327.0000000001,3107.096003132452,187.37069492947052,45642.90399686756,319389.6293050706
A_lr,seen_fit_or_cal_vector,frequency_cap100,0.24125511066947788,0.05869218137460437,0.5912814646474367,0.058086059393642336,1252693.0,21534.795065498114,1342.7319659310551,933116.204934502,296699.26803406887
A_dt,seen_fit_or_cal_vector,frequency_cap100,0.20527896835509876,0.022456467483052196,0.5914112504360233,0.1244359152641549,1252693.0,22363.778589555226,513.7484418739366,977360.2214104449,252455.25155812607
A_mlp_float,seen_fit_or_cal_vector,frequency_cap100,0.41969648968306683,0.041995930585079604,0.6888502795489936,0.5704805566886701,1252692.9999999995,21916.76399425899,960.7630371701816,713666.2360057409,516149.2369628296
A_mlp_int8,seen_fit_or_cal_vector,frequency_cap100,0.1251958153608187,0.050759381324455406,0.5372182170181816,0.5747888748480273,1252693.0000000002,21716.277913080314,1161.2491183488492,1075847.72208692,153967.75088165115
B_lr,seen_fit_or_cal_vector,frequency_cap100,0.19632258396565552,0.10776726621187634,0.5442776588768896,0.0,1252693.0,20412.078485563747,2465.4485458654244,988374.9215144364,241440.55145413463
B_dt,seen_fit_or_cal_vector,frequency_cap100,0.07892990613541356,0.012404319501911648,0.533262793316751,0.0,1252693.0,22593.74687671769,283.7801547114676,1132746.2531232825,97069.21984528853
B_mlp_float,seen_fit_or_cal_vector,frequency_cap100,0.7166738418376031,0.025108493391637128,0.8457826742229829,0.0,1252693.0000000002,22303.10679514353,574.420236285639,348438.89320485643,881376.5797637146
B_mlp_int8,seen_fit_or_cal_vector,frequency_cap100,0.709023323425455,0.015873488217379064,0.846574917604038,0.0,1252693.0000000002,22514.380875653005,363.14615577616195,357847.619124347,871967.8538442241
lr_stale_threshold,seen_fit_or_cal_vector,frequency_cap100,3.6590855286100326e-05,0.01521143432687971,0.49241257826420326,0.19439160273107617,1252693.0,22529.52703142916,348.0,1229770.472968571,45.0
lr_stale_scaler,seen_fit_or_cal_vector,frequency_cap100,0.23957642742647875,0.11238988326195176,0.5635932720822634,0.05874543882659199,1252693.0,20306.3244390447,2571.2025923844703,935180.6755609554,294634.79740761546
lr_stale_scaler_threshold,seen_fit_or_cal_vector,frequency_cap100,0.0002732117194695491,0.016697608945023132,0.49178780138722317,0.19413216167089622,1252693.0,22495.52703142916,382.0,1229479.472968571,336.0
mlp_float_stale_threshold,seen_fit_or_cal_vector,frequency_cap100,0.8600928732148849,0.08490761819102255,0.8875926275119312,0.14189190807324698,1252693.0000000002,20935.050701089785,1942.4763303393854,172059.94929891021,1057755.5236696608
mlp_float_stale_scaler,seen_fit_or_cal_vector,frequency_cap100,0.7147906324855451,0.020038015282677214,0.847376308601434,0.0019494002121828728,1252693.0000000002,22419.10679514353,458.42023628563874,350754.89320485643,879060.5797637146
mlp_float_stale_scaler_threshold,seen_fit_or_cal_vector,frequency_cap100,0.8595952375829939,0.09024036240906656,0.8846774375869636,0.14150075078251412,1252693.0000000002,20813.050701089785,2064.476330339385,172671.94929891021,1057143.5236696608
mlp_int8_stale_threshold,seen_fit_or_cal_vector,frequency_cap100,0.7049007537298877,0.015873488217379064,0.8445136327562544,0.004047280538807193,1252693.0000000002,22514.380875653005,363.14615577616195,362917.619124347,866897.8538442241
mlp_int8_stale_scaler,seen_fit_or_cal_vector,frequency_cap100,0.7059987094375741,0.015729988531313476,0.8451343604531303,0.017432044403537017,1252693.0000000002,22517.663793599975,359.8632378291949,361567.3362064,868248.136762171
mlp_int8_stale_scaler_threshold,seen_fit_or_cal_vector,frequency_cap100,0.2910462135414343,0.015729988531313476,0.6376581125050603,0.41061776508689685,1252692.9999999998,22517.663793599975,359.8632378291949,871882.3362064001,357933.13676217064
mlp_int8_stale_input_quantization,seen_fit_or_cal_vector,frequency_cap100,0.7106987211173448,0.014455939685258002,0.8481213907160434,0.012865083464184758,1252693.0000000002,22546.810880514968,330.7161509141996,355787.18911948503,874028.283849086
mlp_int8_stale_integer_threshold_code,seen_fit_or_cal_vector,frequency_cap100,0.8494549603629207,0.015873488217379064,0.9167907360727708,0.13786697937962453,1252693.0,22514.380875653005,363.14615577616195,185142.619124347,1044672.8538442239
dt_stale_threshold,seen_fit_or_cal_vector,frequency_cap100,0.7102258789579015,0.027591476736209215,0.8413172011108461,0.6200441768254471,1252693.0000000002,22246.302276559494,631.2247548696754,356368.6977234405,873446.7752451305
lr_compatible_probability,seen_fit_or_cal_vector,frequency_cap100,0.19632258396565552,0.10776726621187634,0.5442776588768896,0.0,1252693.0,20412.078485563747,2465.4485458654244,988374.9215144364,241440.55145413463
lr_compatible_decision,seen_fit_or_cal_vector,frequency_cap100,0.19632258396565552,0.10776726621187634,0.5442776588768896,0.0,1252693.0,20412.078485563747,2465.4485458654244,988374.9215144364,241440.55145413463
mlp_float_compatible_first_layer,seen_fit_or_cal_vector,frequency_cap100,0.7166738418376031,0.025108493391637128,0.8457826742229829,0.0,1252693.0000000002,22303.10679514353,574.420236285639,348438.89320485643,881376.5797637146
mlp_int8_compatible_requantized,seen_fit_or_cal_vector,frequency_cap100,0.705182708906345,0.088881692251611,0.808150508327367,0.00750622858114478,1252693.0000000002,20844.13371434377,2033.393317085399,362570.86628565623,867244.6066829149
A_lr,unseen_fit_or_cal_vector,rows,0.07562430168669732,0.18704834070020346,0.4442879804932469,0.025065566974960485,4759637.0,162218.0,37324.0,4215241.0,344854.0
A_dt,unseen_fit_or_cal_vector,rows,0.05223224516155913,0.03937015766104379,0.5064310437502577,0.05180773239639914,4759637.0,191686.0,7856.0,4321911.0,238184.0
A_mlp_float,unseen_fit_or_cal_vector,rows,0.21768800869280136,0.04727325575568051,0.5852073764685605,0.2919134379365485,4759637.0,190109.0,9433.0,3567417.0,992678.0
A_mlp_int8,unseen_fit_or_cal_vector,rows,0.04656284573018764,0.031852943240019645,0.507354951245084,0.20627119253001858,4759637.0,193186.0,6356.0,4347764.0,212331.0
B_lr,unseen_fit_or_cal_vector,rows,0.09742735622832419,0.20059436108688897,0.44841649757071755,0.0,4759637.0,159515.0,40027.0,4115817.0,444278.0
B_dt,unseen_fit_or_cal_vector,rows,0.0008648942620712945,0.0018542462238526226,0.4995053240191093,0.0,4759637.0,199172.0,370.0,4556151.0,3944.0
B_mlp_float,unseen_fit_or_cal_vector,rows,0.25616637372686313,0.033757304226679094,0.6112045347500921,0.0,4759637.0,192806.0,6736.0,3391952.0,1168143.0
B_mlp_int8,unseen_fit_or_cal_vector,rows,0.257831251322615,0.0325946417295607,0.6126183047965272,0.0,4759637.0,193038.0,6504.0,3384360.0,1175735.0
lr_stale_threshold,unseen_fit_or_cal_vector,rows,0.05165966937092319,0.15952030149041305,0.4460696839402551,0.04557091223553393,4759637.0,167711.0,31831.0,4324522.0,235573.0
lr_stale_scaler,unseen_fit_or_cal_vector,rows,0.06470347657230825,0.19864990828998405,0.4330267841411621,0.032213801178535256,4759637.0,159903.0,39639.0,4265041.0,295054.0
lr_stale_scaler_threshold,unseen_fit_or_cal_vector,rows,0.05271885783081273,0.1604073327920939,0.4461557625193594,0.04451894125539406,4759637.0,167534.0,32008.0,4319692.0,240403.0
mlp_float_stale_threshold,unseen_fit_or_cal_vector,rows,0.42457821602400825,0.04174559741808742,0.6914163093029605,0.16168627985705633,4759637.0,191212.0,8330.0,2623978.0,1936117.0
mlp_float_stale_scaler,unseen_fit_or_cal_vector,rows,0.248976830526557,0.033591925509416566,0.6076924525085702,0.009636869366298312,4759637.0,192839.0,6703.0,3424737.0,1135358.0
mlp_float_stale_scaler_threshold,unseen_fit_or_cal_vector,rows,0.377013636777304,0.04076835954335428,0.6681226386169749,0.11800101562367046,4759637.0,191407.0,8135.0,2840877.0,1719218.0
mlp_int8_stale_threshold,unseen_fit_or_cal_vector,rows,0.2451525680934279,0.030945866033216064,0.6071033510301059,0.012216267753192102,4759637.0,193367.0,6175.0,3442176.0,1117919.0
mlp_int8_stale_scaler,unseen_fit_or_cal_vector,rows,0.22788187526794945,0.031351795611951366,0.5982650398279991,0.051936733830752216,4759637.0,193286.0,6256.0,3520932.0,1039163.0
mlp_int8_stale_scaler_threshold,unseen_fit_or_cal_vector,rows,0.11101479245498175,0.029873410109149953,0.5405706911729159,0.1444236188600097,4759637.0,193581.0,5961.0,4053857.0,506238.0
mlp_int8_stale_input_quantization,unseen_fit_or_cal_vector,rows,0.25747621485955885,0.032795100780788004,0.6123405570393854,0.040610449914562814,4759637.0,192998.0,6544.0,3385979.0,1174116.0
mlp_int8_stale_integer_threshold_code,unseen_fit_or_cal_vector,rows,0.3527700629043912,0.033727235368994996,0.6595214137676981,0.09100609983492439,4759637.0,192812.0,6730.0,2951430.0,1608665.0
dt_stale_threshold,unseen_fit_or_cal_vector,rows,0.2358374112820018,0.04044762506139058,0.5976948931103057,0.22673956018074487,4759637.0,191471.0,8071.0,3484654.0,1075441.0
lr_compatible_probability,unseen_fit_or_cal_vector,rows,0.09742735622832419,0.20059436108688897,0.44841649757071755,0.0,4759637.0,159515.0,40027.0,4115817.0,444278.0
lr_compatible_decision,unseen_fit_or_cal_vector,rows,0.09742735622832419,0.20059436108688897,0.44841649757071755,0.0,4759637.0,159515.0,40027.0,4115817.0,444278.0
mlp_float_compatible_first_layer,unseen_fit_or_cal_vector,rows,0.25616637372686313,0.033757304226679094,0.6112045347500921,0.0,4759637.0,192806.0,6736.0,3391952.0,1168143.0
mlp_int8_compatible_requantized,unseen_fit_or_cal_vector,rows,0.2722017852698244,0.041971113850718146,0.6151153357095531,0.04200278298534111,4759637.0,191167.0,8375.0,3318829.0,1241266.0
A_lr,unseen_fit_or_cal_vector,vector_balanced,0.03809879857276352,0.024289459662119272,0.5069046694553221,0.032624250991014535,3414177.9999999995,143366.36037825877,3568.9800236314773,3142764.6396217407,124478.01997636854
A_dt,unseen_fit_or_cal_vector,vector_balanced,0.021668577261019364,0.04923594269569564,0.4862163172826619,0.022854695918021858,3414177.9999999986,139700.84040189025,7234.5,3196446.1595981084,70796.5
A_mlp_float,unseen_fit_or_cal_vector,vector_balanced,0.13916938096783119,0.0597464270204105,0.5397114769737104,0.2741845914302067,3414177.999999999,138156.4788098495,8778.861592040708,2812542.5211901497,454700.1384079592
A_mlp_int8,unseen_fit_or_cal_vector,vector_balanced,0.016447967169542988,0.039748776461982216,0.4883495953537804,0.24775304626765224,3414177.9999999986,141094.84040189025,5840.5,3213503.1595981084,53739.5
B_lr,unseen_fit_or_cal_vector,vector_balanced,0.06769783910603093,0.022232446607001258,0.5227326962495149,0.0,3414177.9999999995,143668.60829172365,3266.732110166579,3046057.391708276,221185.26788983337
B_dt,unseen_fit_or_cal_vector,vector_balanced,0.0009506487039998606,0.002225468693274237,0.4993625900053628,0.0,3414177.999999999,146608.34040189028,327.0,3264136.659598109,3106.0
B_mlp_float,unseen_fit_or_cal_vector,vector_balanced,0.26680391670546605,0.04180656318104997,0.612498676762208,0.0,3414178.0,140792.47880984953,6142.861592040709,2395529.52119015,871713.1384079594
B_mlp_int8,unseen_fit_or_cal_vector,vector_balanced,0.2697987967983954,0.04041819739075045,0.6146902997038225,0.0,3414178.0,140996.47880984953,5938.861592040709,2385744.52119015,881498.1384079594
lr_stale_threshold,unseen_fit_or_cal_vector,vector_balanced,0.01255946801900582,0.013401611219329937,0.4995789283998379,0.05314544232901743,3414177.9999999986,144966.17009544422,1969.1703064460357,3226207.8299045544,41034.82969355396
lr_stale_scaler,unseen_fit_or_cal_vector,vector_balanced,0.02345744867024044,0.019503973730343096,0.5019767374699486,0.04345438345628143,3414177.9999999995,144069.51738263277,2865.823019257488,3190601.4826173666,76641.1769807425
lr_stale_scaler_threshold,unseen_fit_or_cal_vector,vector_balanced,0.01371977363293482,0.014197879834354664,0.4997609468992901,0.052000803707363846,3414177.9999999986,144849.17009544422,2086.1703064460357,3222416.8299045544,44825.82969355396
mlp_float_stale_threshold,unseen_fit_or_cal_vector,vector_balanced,0.3931471954292985,0.0517214685810395,0.6707128634241295,0.12133257258408905,3414178.0,139335.62880984953,7599.711592040709,1982735.371190151,1284507.2884079593
mlp_float_stale_scaler,unseen_fit_or_cal_vector,vector_balanced,0.25691545620037026,0.04155475173869173,0.6076803522308392,0.013284310308367051,3414178.0,140829.47880984953,6105.861592040709,2427837.52119015,839405.1384079595
mlp_float_stale_scaler_threshold,unseen_fit_or_cal_vector,vector_balanced,0.3305197687828892,0.05033310279073997,0.6400933329960746,0.06402419557504031,3414178.0,139539.62880984953,7395.711592040709,2187354.3711901507,1079888.2884079593
mlp_int8_stale_threshold,unseen_fit_or_cal_vector,vector_balanced,0.25242634978003353,0.03845134585449278,0.6069875019627704,0.016709439285239377,3414178.0,141285.47880984953,5649.861592040708,2442504.52119015,824738.1384079595
mlp_int8_stale_scaler,unseen_fit_or_cal_vector,vector_balanced,0.22859034856622118,0.03901622017113426,0.5947870641975436,0.07060147420550422,3414178.0,141202.47880984953,5732.861592040708,2520382.52119015,746860.1384079594
mlp_int8_stale_scaler_threshold,unseen_fit_or_cal_vector,vector_balanced,0.126392246132938,0.037110620066801575,0.5446408130330682,0.14240323732388882,3414177.999999999,141482.47880984953,5452.861592040708,2854288.5211901497,412954.1384079592
mlp_int8_stale_input_quantization,unseen_fit_or_cal_vector,vector_balanced,0.2690627021000311,0.04078570598230032,0.6141384980588654,0.0554109949744858,3414178.0,140942.47880984953,5992.861592040709,2388149.52119015,879093.1384079594
mlp_int8_stale_integer_threshold_code,unseen_fit_or_cal_vector,vector_balanced,0.2964659314674552,0.04190184318626661,0.6272820441405943,0.02558331756575082,3414178.0,140778.47880984953,6156.861592040709,2298616.5211901506,968626.1384079594
dt_stale_threshold,unseen_fit_or_cal_vector,vector_balanced,0.2389137323837393,0.05021842649874708,0.5943476529424961,0.22978737488203602,3414178.0,139556.47880984953,7378.861592040708,2486653.52119015,780589.1384079594
lr_compatible_probability,unseen_fit_or_cal_vector,vector_balanced,0.06769783910603093,0.022232446607001258,0.5227326962495149,0.0,3414177.9999999995,143668.60829172365,3266.732110166579,3046057.391708276,221185.26788983337
lr_compatible_decision,unseen_fit_or_cal_vector,vector_balanced,0.06769783910603093,0.022232446607001258,0.5227326962495149,0.0,3414177.9999999995,143668.60829172365,3266.732110166579,3046057.391708276,221185.26788983337
mlp_float_compatible_first_layer,unseen_fit_or_cal_vector,vector_balanced,0.26680391670546605,0.04180656318104997,0.612498676762208,0.0,3414178.0,140792.47880984953,6142.861592040709,2395529.52119015,871713.1384079594
mlp_int8_compatible_requantized,unseen_fit_or_cal_vector,vector_balanced,0.28856385540825735,0.048768809276522586,0.6198975230658674,0.056355292547723056,3414178.0,139769.47880984953,7165.861592040709,2324434.5211901506,942808.1384079594
A_lr,unseen_fit_or_cal_vector,frequency_cap100,0.06956549515394456,0.09167228769565756,0.4889466037291435,0.025047086716465,4693999.0,155709.19063543115,15714.83235337704,4207959.809364568,314615.167646623
A_dt,unseen_fit_or_cal_vector,frequency_cap100,0.05266424574732055,0.0458278825979536,0.5034181815746834,0.052530901689582805,4693999.0,163568.0229888082,7856.0,4284396.977011192,238178.0
A_mlp_float,unseen_fit_or_cal_vector,frequency_cap100,0.21858229260861273,0.055016752413781324,0.5817827700974157,0.29535093637642446,4693999.0,161992.82995825858,9431.193030549619,3534020.1700417413,988554.8069694503
A_mlp_int8,unseen_fit_or_cal_vector,frequency_cap100,0.04694781204939095,0.03707765043184738,0.5049350808087718,0.20892249870526175,4693999.0,165068.0229888082,6356.0,4310249.977011192,212325.0
B_lr,unseen_fit_or_cal_vector,frequency_cap100,0.09154895764377535,0.09734910368947357,0.4970999269771509,0.0,4693999.0,154736.04800000403,16687.97498880419,4108537.951999996,414037.02501119586
B_dt,unseen_fit_or_cal_vector,frequency_cap100,0.0008720695665738745,0.0021583906009728653,0.49935683948280046,0.0,4693999.0,171054.0229888082,370.0,4518630.977011192,3944.0
B_mlp_float,unseen_fit_or_cal_vector,frequency_cap100,0.25804874720743903,0.03928383497912236,0.6093824561141583,0.0,4693999.0,164689.82995825858,6734.193030549619,3355530.1700417413,1167044.8069694503
B_mlp_int8,unseen_fit_or_cal_vector,frequency_cap100,0.2597274369004991,0.037930465737431265,0.6108984855815339,0.0,4693999.0,164921.82995825858,6502.193030549619,3347938.1700417413,1174636.8069694503
lr_stale_threshold,unseen_fit_or_cal_vector,frequency_cap100,0.04565235805671289,0.07070647158914445,0.48747294323378426,0.04519344805995911,4693999.0,159303.23517765317,12120.787811155013,4316108.764822347,206466.21218884498
lr_stale_scaler,unseen_fit_or_cal_vector,frequency_cap100,0.05855359532064657,0.09508571030250741,0.4817339425090696,0.03266425919562403,4693999.0,155124.04800000403,16299.97498880419,4257761.951999996,264813.0250111958
lr_stale_scaler_threshold,unseen_fit_or_cal_vector,frequency_cap100,0.046720333717603306,0.07173899898474499,0.4874906673664291,0.04412676696352087,4693999.0,159126.23517765317,12297.787811155013,4311278.764822347,211296.21218884498
mlp_float_stale_threshold,unseen_fit_or_cal_vector,frequency_cap100,0.4271888949967693,0.048582415027637896,0.6893032399845657,0.1633027616750664,4693999.0,163095.82995825858,8328.193030549619,2590581.1700417413,1931993.8069694503
mlp_float_stale_scaler,unseen_fit_or_cal_vector,frequency_cap100,0.2507995583788071,0.039091329871468024,0.6058541142536694,0.009771625430682879,4693999.0,164722.82995825858,6701.193030549619,3388315.1700417413,1134259.8069694503
mlp_float_stale_scaler_threshold,unseen_fit_or_cal_vector,frequency_cap100,0.37922971220764484,0.04744488484604409,0.6658924136808004,0.11900662952846816,4693999.0,163290.82995825858,8133.193030549619,2807480.1700417413,1715094.8069694503
mlp_int8_stale_threshold,unseen_fit_or_cal_vector,frequency_cap100,0.24694356923796482,0.036011248148998636,0.6054661605444831,0.012387092540922996,4693999.0,165250.82995825858,6173.193030549619,3405754.1700417413,1116820.8069694503
mlp_int8_stale_scaler,unseen_fit_or_cal_vector,frequency_cap100,0.22952959591517272,0.03648376068596837,0.5965229176146021,0.05266298522858654,4693999.0,165169.82995825858,6254.193030549619,3484510.1700417413,1038064.8069694503
mlp_int8_stale_scaler_threshold,unseen_fit_or_cal_vector,frequency_cap100,0.11169429131350371,0.034762881693300815,0.5384657048101015,0.14644187184530716,4693999.0,165464.82995825858,5959.193030549619,4017429.1700417413,505145.8069694504
mlp_int8_stale_input_quantization,unseen_fit_or_cal_vector,frequency_cap100,0.25936945499677616,0.038163805261860764,0.6106028248674578,0.04117832151221166,4693999.0,164881.82995825858,6542.193030549619,3349557.1700417413,1173017.8069694503
mlp_int8_stale_integer_threshold_code,unseen_fit_or_cal_vector,frequency_cap100,0.3547850096738108,0.03924883405045793,0.6577680878116764,0.09163423341163898,4693999.0,164695.82995825858,6728.193030549619,2918033.1700417413,1604541.8069694503
dt_stale_threshold,unseen_fit_or_cal_vector,frequency_cap100,0.23755113235943412,0.04707154160695689,0.5952397953762386,0.22967580521427466,4693999.0,163354.82995825858,8069.193030549619,3448232.1700417413,1074342.8069694503
lr_compatible_probability,unseen_fit_or_cal_vector,frequency_cap100,0.09154895764377535,0.09734910368947357,0.4970999269771509,0.0,4693999.0,154736.04800000403,16687.97498880419,4108537.951999996,414037.02501119586
lr_compatible_decision,unseen_fit_or_cal_vector,frequency_cap100,0.09154895764377535,0.09734910368947357,0.4970999269771509,0.0,4693999.0,154736.04800000403,16687.97498880419,4108537.951999996,414037.02501119586
mlp_float_compatible_first_layer,unseen_fit_or_cal_vector,frequency_cap100,0.25804874720743903,0.03928383497912236,0.6093824561141583,0.0,4693999.0,164689.82995825858,6734.193030549619,3355530.1700417413,1167044.8069694503
mlp_int8_compatible_requantized,unseen_fit_or_cal_vector,frequency_cap100,0.2742171911518055,0.04884492199262108,0.6126861345795922,0.042590124113788694,4693999.0,163050.82995825858,8373.193030549619,3282407.1700417413,1240167.8069694503
A_lr,attack_type_seen_in_A_fit,rows,,,,,0.0,0.0,0.0,0.0,0.0
A_dt,attack_type_seen_in_A_fit,rows,,,,,0.0,0.0,0.0,0.0,0.0
A_mlp_float,attack_type_seen_in_A_fit,rows,,,,,0.0,0.0,0.0,0.0,0.0
A_mlp_int8,attack_type_seen_in_A_fit,rows,,,,,0.0,0.0,0.0,0.0,0.0
B_lr,attack_type_seen_in_A_fit,rows,,,,,0.0,0.0,0.0,0.0,0.0
B_dt,attack_type_seen_in_A_fit,rows,,,,,0.0,0.0,0.0,0.0,0.0
B_mlp_float,attack_type_seen_in_A_fit,rows,,,,,0.0,0.0,0.0,0.0,0.0
B_mlp_int8,attack_type_seen_in_A_fit,rows,,,,,0.0,0.0,0.0,0.0,0.0
lr_stale_threshold,attack_type_seen_in_A_fit,rows,,,,,0.0,0.0,0.0,0.0,0.0
lr_stale_scaler,attack_type_seen_in_A_fit,rows,,,,,0.0,0.0,0.0,0.0,0.0
lr_stale_scaler_threshold,attack_type_seen_in_A_fit,rows,,,,,0.0,0.0,0.0,0.0,0.0
mlp_float_stale_threshold,attack_type_seen_in_A_fit,rows,,,,,0.0,0.0,0.0,0.0,0.0
mlp_float_stale_scaler,attack_type_seen_in_A_fit,rows,,,,,0.0,0.0,0.0,0.0,0.0
mlp_float_stale_scaler_threshold,attack_type_seen_in_A_fit,rows,,,,,0.0,0.0,0.0,0.0,0.0
mlp_int8_stale_threshold,attack_type_seen_in_A_fit,rows,,,,,0.0,0.0,0.0,0.0,0.0
mlp_int8_stale_scaler,attack_type_seen_in_A_fit,rows,,,,,0.0,0.0,0.0,0.0,0.0
mlp_int8_stale_scaler_threshold,attack_type_seen_in_A_fit,rows,,,,,0.0,0.0,0.0,0.0,0.0
mlp_int8_stale_input_quantization,attack_type_seen_in_A_fit,rows,,,,,0.0,0.0,0.0,0.0,0.0
mlp_int8_stale_integer_threshold_code,attack_type_seen_in_A_fit,rows,,,,,0.0,0.0,0.0,0.0,0.0
dt_stale_threshold,attack_type_seen_in_A_fit,rows,,,,,0.0,0.0,0.0,0.0,0.0
lr_compatible_probability,attack_type_seen_in_A_fit,rows,,,,,0.0,0.0,0.0,0.0,0.0
lr_compatible_decision,attack_type_seen_in_A_fit,rows,,,,,0.0,0.0,0.0,0.0,0.0
mlp_float_compatible_first_layer,attack_type_seen_in_A_fit,rows,,,,,0.0,0.0,0.0,0.0,0.0
mlp_int8_compatible_requantized,attack_type_seen_in_A_fit,rows,,,,,0.0,0.0,0.0,0.0,0.0
A_lr,attack_type_seen_in_A_fit,vector_balanced,,,,,0.0,0.0,0.0,0.0,0.0
A_dt,attack_type_seen_in_A_fit,vector_balanced,,,,,0.0,0.0,0.0,0.0,0.0
A_mlp_float,attack_type_seen_in_A_fit,vector_balanced,,,,,0.0,0.0,0.0,0.0,0.0
A_mlp_int8,attack_type_seen_in_A_fit,vector_balanced,,,,,0.0,0.0,0.0,0.0,0.0
B_lr,attack_type_seen_in_A_fit,vector_balanced,,,,,0.0,0.0,0.0,0.0,0.0
B_dt,attack_type_seen_in_A_fit,vector_balanced,,,,,0.0,0.0,0.0,0.0,0.0
B_mlp_float,attack_type_seen_in_A_fit,vector_balanced,,,,,0.0,0.0,0.0,0.0,0.0
B_mlp_int8,attack_type_seen_in_A_fit,vector_balanced,,,,,0.0,0.0,0.0,0.0,0.0
lr_stale_threshold,attack_type_seen_in_A_fit,vector_balanced,,,,,0.0,0.0,0.0,0.0,0.0
lr_stale_scaler,attack_type_seen_in_A_fit,vector_balanced,,,,,0.0,0.0,0.0,0.0,0.0
lr_stale_scaler_threshold,attack_type_seen_in_A_fit,vector_balanced,,,,,0.0,0.0,0.0,0.0,0.0
mlp_float_stale_threshold,attack_type_seen_in_A_fit,vector_balanced,,,,,0.0,0.0,0.0,0.0,0.0
mlp_float_stale_scaler,attack_type_seen_in_A_fit,vector_balanced,,,,,0.0,0.0,0.0,0.0,0.0
mlp_float_stale_scaler_threshold,attack_type_seen_in_A_fit,vector_balanced,,,,,0.0,0.0,0.0,0.0,0.0
mlp_int8_stale_threshold,attack_type_seen_in_A_fit,vector_balanced,,,,,0.0,0.0,0.0,0.0,0.0
mlp_int8_stale_scaler,attack_type_seen_in_A_fit,vector_balanced,,,,,0.0,0.0,0.0,0.0,0.0
mlp_int8_stale_scaler_threshold,attack_type_seen_in_A_fit,vector_balanced,,,,,0.0,0.0,0.0,0.0,0.0
mlp_int8_stale_input_quantization,attack_type_seen_in_A_fit,vector_balanced,,,,,0.0,0.0,0.0,0.0,0.0
mlp_int8_stale_integer_threshold_code,attack_type_seen_in_A_fit,vector_balanced,,,,,0.0,0.0,0.0,0.0,0.0
dt_stale_threshold,attack_type_seen_in_A_fit,vector_balanced,,,,,0.0,0.0,0.0,0.0,0.0
lr_compatible_probability,attack_type_seen_in_A_fit,vector_balanced,,,,,0.0,0.0,0.0,0.0,0.0
lr_compatible_decision,attack_type_seen_in_A_fit,vector_balanced,,,,,0.0,0.0,0.0,0.0,0.0
mlp_float_compatible_first_layer,attack_type_seen_in_A_fit,vector_balanced,,,,,0.0,0.0,0.0,0.0,0.0
mlp_int8_compatible_requantized,attack_type_seen_in_A_fit,vector_balanced,,,,,0.0,0.0,0.0,0.0,0.0
A_lr,attack_type_seen_in_A_fit,frequency_cap100,,,,,0.0,0.0,0.0,0.0,0.0
A_dt,attack_type_seen_in_A_fit,frequency_cap100,,,,,0.0,0.0,0.0,0.0,0.0
A_mlp_float,attack_type_seen_in_A_fit,frequency_cap100,,,,,0.0,0.0,0.0,0.0,0.0
A_mlp_int8,attack_type_seen_in_A_fit,frequency_cap100,,,,,0.0,0.0,0.0,0.0,0.0
B_lr,attack_type_seen_in_A_fit,frequency_cap100,,,,,0.0,0.0,0.0,0.0,0.0
B_dt,attack_type_seen_in_A_fit,frequency_cap100,,,,,0.0,0.0,0.0,0.0,0.0
B_mlp_float,attack_type_seen_in_A_fit,frequency_cap100,,,,,0.0,0.0,0.0,0.0,0.0
B_mlp_int8,attack_type_seen_in_A_fit,frequency_cap100,,,,,0.0,0.0,0.0,0.0,0.0
lr_stale_threshold,attack_type_seen_in_A_fit,frequency_cap100,,,,,0.0,0.0,0.0,0.0,0.0
lr_stale_scaler,attack_type_seen_in_A_fit,frequency_cap100,,,,,0.0,0.0,0.0,0.0,0.0
lr_stale_scaler_threshold,attack_type_seen_in_A_fit,frequency_cap100,,,,,0.0,0.0,0.0,0.0,0.0
mlp_float_stale_threshold,attack_type_seen_in_A_fit,frequency_cap100,,,,,0.0,0.0,0.0,0.0,0.0
mlp_float_stale_scaler,attack_type_seen_in_A_fit,frequency_cap100,,,,,0.0,0.0,0.0,0.0,0.0
mlp_float_stale_scaler_threshold,attack_type_seen_in_A_fit,frequency_cap100,,,,,0.0,0.0,0.0,0.0,0.0
mlp_int8_stale_threshold,attack_type_seen_in_A_fit,frequency_cap100,,,,,0.0,0.0,0.0,0.0,0.0
mlp_int8_stale_scaler,attack_type_seen_in_A_fit,frequency_cap100,,,,,0.0,0.0,0.0,0.0,0.0
mlp_int8_stale_scaler_threshold,attack_type_seen_in_A_fit,frequency_cap100,,,,,0.0,0.0,0.0,0.0,0.0
mlp_int8_stale_input_quantization,attack_type_seen_in_A_fit,frequency_cap100,,,,,0.0,0.0,0.0,0.0,0.0
mlp_int8_stale_integer_threshold_code,attack_type_seen_in_A_fit,frequency_cap100,,,,,0.0,0.0,0.0,0.0,0.0
dt_stale_threshold,attack_type_seen_in_A_fit,frequency_cap100,,,,,0.0,0.0,0.0,0.0,0.0
lr_compatible_probability,attack_type_seen_in_A_fit,frequency_cap100,,,,,0.0,0.0,0.0,0.0,0.0
lr_compatible_decision,attack_type_seen_in_A_fit,frequency_cap100,,,,,0.0,0.0,0.0,0.0,0.0
mlp_float_compatible_first_layer,attack_type_seen_in_A_fit,frequency_cap100,,,,,0.0,0.0,0.0,0.0,0.0
mlp_int8_compatible_requantized,attack_type_seen_in_A_fit,frequency_cap100,,,,,0.0,0.0,0.0,0.0,0.0
A_lr,attack_type_added_in_B_fit,rows,0.27196525089974,,,0.04364940963103589,2652155.0,0.0,0.0,1930861.0,721294.0
A_dt,attack_type_added_in_B_fit,rows,0.2539082368866073,,,0.20763077572766298,2652155.0,0.0,0.0,1978751.0,673404.0
A_mlp_float,attack_type_added_in_B_fit,rows,0.3556044047199353,,,0.5030761776743817,2652155.0,0.0,0.0,1709037.0,943118.0
A_mlp_int8,attack_type_added_in_B_fit,rows,0.21541463451419696,,,0.628930435815403,2652155.0,0.0,0.0,2080842.0,571313.0
B_lr,attack_type_added_in_B_fit,rows,0.3154178394550846,,,0.0,2652155.0,0.0,0.0,1815618.0,836537.0
B_dt,attack_type_added_in_B_fit,rows,0.04635664205146381,,,0.0,2652155.0,0.0,0.0,2529210.0,122945.0
B_mlp_float,attack_type_added_in_B_fit,rows,0.8372104948617256,,,0.0,2652155.0,0.0,0.0,431743.0,2220412.0
B_mlp_int8,attack_type_added_in_B_fit,rows,0.8287946971425124,,,0.0,2652155.0,0.0,0.0,454063.0,2198092.0
lr_stale_threshold,attack_type_added_in_B_fit,rows,0.0011017455616281855,,,0.31431609389345644,2652155.0,0.0,0.0,2649233.0,2922.0
lr_stale_scaler,attack_type_added_in_B_fit,rows,0.254777718496845,,,0.06082563047785668,2652155.0,0.0,0.0,1976445.0,675710.0
lr_stale_scaler_threshold,attack_type_added_in_B_fit,rows,0.00022170649905454244,,,0.3151961329560301,2652155.0,0.0,0.0,2651567.0,588.0
mlp_float_stale_threshold,attack_type_added_in_B_fit,rows,0.9015687243015585,,,0.0643582294398329,2652155.0,0.0,0.0,261055.0,2391100.0
mlp_float_stale_scaler,attack_type_added_in_B_fit,rows,0.8263883521136585,,,0.014685416199279454,2652155.0,0.0,0.0,460445.0,2191710.0
mlp_float_stale_scaler_threshold,attack_type_added_in_B_fit,rows,0.8680363704232973,,,0.03419898158290145,2652155.0,0.0,0.0,349988.0,2302167.0
mlp_int8_stale_threshold,attack_type_added_in_B_fit,rows,0.8091770654430077,,,0.019617631699504742,2652155.0,0.0,0.0,506092.0,2146063.0
mlp_int8_stale_scaler,attack_type_added_in_B_fit,rows,0.7870791865482976,,,0.08031280223063886,2652155.0,0.0,0.0,564699.0,2087456.0
mlp_int8_stale_scaler_threshold,attack_type_added_in_B_fit,rows,0.44702854848227197,,,0.3841023620414342,2652155.0,0.0,0.0,1466566.0,1185589.0
mlp_int8_stale_input_quantization,attack_type_added_in_B_fit,rows,0.8103960741359385,,,0.062077819735271884,2652155.0,0.0,0.0,502859.0,2149296.0
mlp_int8_stale_integer_threshold_code,attack_type_added_in_B_fit,rows,0.8325184614021428,,,0.003723764259630376,2652155.0,0.0,0.0,444187.0,2207968.0
dt_stale_threshold,attack_type_added_in_B_fit,rows,0.8227516868357996,,,0.7763950447843357,2652155.0,0.0,0.0,470090.0,2182065.0
lr_compatible_probability,attack_type_added_in_B_fit,rows,0.3154178394550846,,,0.0,2652155.0,0.0,0.0,1815618.0,836537.0
lr_compatible_decision,attack_type_added_in_B_fit,rows,0.3154178394550846,,,0.0,2652155.0,0.0,0.0,1815618.0,836537.0
mlp_float_compatible_first_layer,attack_type_added_in_B_fit,rows,0.8372104948617256,,,0.0,2652155.0,0.0,0.0,431743.0,2220412.0
mlp_int8_compatible_requantized,attack_type_added_in_B_fit,rows,0.8267740761757891,,,0.03992262895645239,2652155.0,0.0,0.0,459422.0,2192733.0
A_lr,attack_type_added_in_B_fit,vector_balanced,0.060248234398799394,,,0.0851400085967253,1308504.8379741982,0.0,0.0,1229669.7317839656,78835.10619023252
A_dt,attack_type_added_in_B_fit,vector_balanced,0.01272726469445223,,,0.011674456286302603,1308504.8379741977,0.0,0.0,1291851.1505473286,16653.687426868943
A_mlp_float,attack_type_added_in_B_fit,vector_balanced,0.1286910696279754,,,0.737829544490574,1308504.8379742026,0.0,0.0,1140111.9507619217,168392.8872122808
A_mlp_int8,attack_type_added_in_B_fit,vector_balanced,0.013656387142448004,,,0.7815724411415303,1308504.837974198,0.0,0.0,1290635.389329056,17869.448645141845
B_lr,attack_type_added_in_B_fit,vector_balanced,0.14525967923092972,,,0.0,1308504.837974203,0.0,0.0,1118431.8449379506,190072.99303625242
B_dt,attack_type_added_in_B_fit,vector_balanced,0.0012077471514805108,,,0.0,1308504.8379741972,0.0,0.0,1306924.4949834354,1580.342990761804
B_mlp_float,attack_type_added_in_B_fit,vector_balanced,0.8364199429891399,,,0.0,1308504.8379741975,0.0,0.0,214045.2959948055,1094459.541979392
B_mlp_int8,attack_type_added_in_B_fit,vector_balanced,0.7937123633705963,,,0.0,1308504.8379741977,0.0,0.0,269928.370543838,1038576.4674303596
lr_stale_threshold,attack_type_added_in_B_fit,vector_balanced,0.0022193269109313475,,,0.143040352319999,1308504.837974198,0.0,0.0,1305600.837974198,2904.0
lr_stale_scaler,attack_type_added_in_B_fit,vector_balanced,0.0263108359947169,,,0.11905562641645484,1308504.837974198,0.0,0.0,1274076.9817839651,34427.856190232735
lr_stale_scaler_threshold,attack_type_added_in_B_fit,vector_balanced,0.0004386713405792466,,,0.14482100789035104,1308504.8379741982,0.0,0.0,1307930.8344027696,574.0035714285714
mlp_float_stale_threshold,attack_type_added_in_B_fit,vector_balanced,0.9307186037233114,,,0.0942986607341699,1308504.8379741996,0.0,0.0,90655.04220965484,1217849.7957645447
mlp_float_stale_scaler,attack_type_added_in_B_fit,vector_balanced,0.8149114248826479,,,0.029335772315086335,1308504.8379741977,0.0,0.0,242189.29599480587,1066315.5419793918
mlp_float_stale_scaler_threshold,attack_type_added_in_B_fit,vector_balanced,0.8628957746251809,,,0.0333126424298392,1308504.837974197,0.0,0.0,179401.5422096555,1129103.2957645415
mlp_int8_stale_threshold,attack_type_added_in_B_fit,vector_balanced,0.7549543866874416,,,0.03875797668315545,1308504.8379741963,0.0,0.0,320643.37054383685,987861.4674303596
mlp_int8_stale_scaler,attack_type_added_in_B_fit,vector_balanced,0.7380339078290418,,,0.13049208798601614,1308504.8379741956,0.0,0.0,342783.898990893,965720.9389833027
mlp_int8_stale_scaler_threshold,attack_type_added_in_B_fit,vector_balanced,0.30923756303652117,,,0.4891564796234573,1308504.8379742026,0.0,0.0,903865.9906575622,404638.8473166404
mlp_int8_stale_input_quantization,attack_type_added_in_B_fit,vector_balanced,0.783830987426459,,,0.09497085881710451,1308504.8379741972,0.0,0.0,282858.1987725835,1025646.6392016137
mlp_int8_stale_integer_threshold_code,attack_type_added_in_B_fit,vector_balanced,0.8002975924228443,,,0.006585229052247682,1308504.8379741965,0.0,0.0,261311.5664698031,1047193.2715043934
dt_stale_threshold,attack_type_added_in_B_fit,vector_balanced,0.7766629556751162,,,0.7754552085236356,1308504.8379741972,0.0,0.0,292237.6029979681,1016267.2349762291
lr_compatible_probability,attack_type_added_in_B_fit,vector_balanced,0.14525967923092972,,,0.0,1308504.837974203,0.0,0.0,1118431.8449379506,190072.99303625242
lr_compatible_decision,attack_type_added_in_B_fit,vector_balanced,0.14525967923092972,,,0.0,1308504.837974203,0.0,0.0,1118431.8449379506,190072.99303625242
mlp_float_compatible_first_layer,attack_type_added_in_B_fit,vector_balanced,0.8364199429891399,,,0.0,1308504.8379741975,0.0,0.0,214045.2959948055,1094459.541979392
mlp_int8_compatible_requantized,attack_type_added_in_B_fit,vector_balanced,0.7751334811475521,,,0.0639626543961191,1308504.837974197,0.0,0.0,294238.92781684414,1014265.9101573529
A_lr,attack_type_added_in_B_fit,frequency_cap100,0.1331665317853253,,,0.0565343437275828,2046169.5881231732,0.0,0.0,1773688.2806282027,272481.30749497056
A_dt,attack_type_added_in_B_fit,frequency_cap100,0.0925475531354048,,,0.07626167849953729,2046169.5881231723,0.0,0.0,1856801.5994422936,189367.98868087865
A_mlp_float,attack_type_added_in_B_fit,frequency_cap100,0.1943452387847968,,,0.6484893582765549,2046169.5881231742,0.0,0.0,1648506.2709251866,397663.3171979876
A_mlp_int8,attack_type_added_in_B_fit,frequency_cap100,0.07748474983936486,,,0.7172567203616544,2046169.5881231716,0.0,0.0,1887622.6494585313,158546.93866464018
B_lr,attack_type_added_in_B_fit,frequency_cap100,0.18952996610158965,,,0.0,2046169.588123172,0.0,0.0,1658359.1354480837,387810.4526750884
B_dt,attack_type_added_in_B_fit,frequency_cap100,0.016388505425230664,,,0.0,2046169.588123172,0.0,0.0,2012635.9267272735,33533.6613958986
B_mlp_float,attack_type_added_in_B_fit,frequency_cap100,0.8221577154873236,,,0.0,2046169.588123172,0.0,0.0,363895.47405218694,1682274.114070985
B_mlp_int8,attack_type_added_in_B_fit,frequency_cap100,0.7936603439880769,,,0.0,2046169.588123172,0.0,0.0,422205.9289553937,1623963.6591677784
lr_stale_threshold,attack_type_added_in_B_fit,frequency_cap100,0.0014280341262818672,,,0.18810193197530792,2046169.5881231707,0.0,0.0,2043247.5881231707,2922.0
lr_stale_scaler,attack_type_added_in_B_fit,frequency_cap100,0.11088880844089247,,,0.078797405530678,2046169.5881231728,0.0,0.0,1819272.2806282025,226897.30749497033
lr_stale_scaler_threshold,attack_type_added_in_B_fit,frequency_cap100,0.00028736621021688497,,,0.18924259989137288,2046169.5881231707,0.0,0.0,2045581.5881231707,588.0
mlp_float_stale_threshold,attack_type_added_in_B_fit,frequency_cap100,0.8835437269316534,,,0.06138601144432983,2046169.5881231711,0.0,0.0,238289.2842986184,1807880.3038245528
mlp_float_stale_scaler,attack_type_added_in_B_fit,frequency_cap100,0.8081305301716007,,,0.019034590400556512,2046169.588123172,0.0,0.0,392597.47405218694,1653572.114070985
mlp_float_stale_scaler_threshold,attack_type_added_in_B_fit,frequency_cap100,0.8400805650724386,,,0.022294921211986327,2046169.5881231711,0.0,0.0,327222.28429861844,1718947.3038245526
mlp_int8_stale_threshold,attack_type_added_in_B_fit,frequency_cap100,0.768232832846284,,,0.025427511141793025,2046169.588123172,0.0,0.0,474234.9289553936,1571934.6591677784
mlp_int8_stale_scaler,attack_type_added_in_B_fit,frequency_cap100,0.757185297709828,,,0.08650315763039465,2046169.588123173,0.0,0.0,496840.0593753322,1549329.5287478408
mlp_int8_stale_scaler_threshold,attack_type_added_in_B_fit,frequency_cap100,0.3164266209927005,,,0.480261819999635,2046169.588123173,0.0,0.0,1398707.0593753317,647462.5287478414
mlp_int8_stale_input_quantization,attack_type_added_in_B_fit,frequency_cap100,0.7874214559952786,,,0.06285394114988135,2046169.5881231723,0.0,0.0,434971.7518299646,1611197.8362932077
mlp_int8_stale_integer_threshold_code,attack_type_added_in_B_fit,frequency_cap100,0.7983994040501124,,,0.004739060062035774,2046169.5881231707,0.0,0.0,412509.00838016724,1633660.5797430035
dt_stale_threshold,attack_type_added_in_B_fit,frequency_cap100,0.7829911833249402,,,0.7666026778997098,2046169.588123172,0.0,0.0,444036.8410351042,1602132.747088068
lr_compatible_probability,attack_type_added_in_B_fit,frequency_cap100,0.18952996610158965,,,0.0,2046169.588123172,0.0,0.0,1658359.1354480837,387810.4526750884
lr_compatible_decision,attack_type_added_in_B_fit,frequency_cap100,0.18952996610158965,,,0.0,2046169.588123172,0.0,0.0,1658359.1354480837,387810.4526750884
mlp_float_compatible_first_layer,attack_type_added_in_B_fit,frequency_cap100,0.8221577154873236,,,0.0,2046169.588123172,0.0,0.0,363895.47405218694,1682274.114070985
mlp_int8_compatible_requantized,attack_type_added_in_B_fit,frequency_cap100,0.7812480163647556,,,0.04195266765648521,2046169.5881231723,0.0,0.0,447603.65625605505,1598565.9318671173
A_lr,attack_type_unseen_in_all_fit_calibration,rows,0.19827077311749558,,,0.11686353395010982,4409485.0,0.0,0.0,3535213.0,874272.0
A_dt,attack_type_unseen_in_all_fit_calibration,rows,0.1714191113021135,,,0.056612053335026655,4409485.0,0.0,0.0,3653615.0,755870.0
A_mlp_float,attack_type_unseen_in_all_fit_calibration,rows,0.37658683497052375,,,0.18542664279388635,4409485.0,0.0,0.0,2748931.0,1660554.0
A_mlp_int8,attack_type_unseen_in_all_fit_calibration,rows,0.07343193139334865,,,0.1952867511738899,4409485.0,0.0,0.0,4085688.0,323797.0
B_lr,attack_type_unseen_in_all_fit_calibration,rows,0.08158413057307146,,,0.0,4409485.0,0.0,0.0,4049741.0,359744.0
B_dt,attack_type_unseen_in_all_fit_calibration,rows,0.115916484578131,,,0.0,4409485.0,0.0,0.0,3898353.0,511132.0
B_mlp_float,attack_type_unseen_in_all_fit_calibration,rows,0.19790383684262447,,,0.0,4409485.0,0.0,0.0,3536831.0,872654.0
B_mlp_int8,attack_type_unseen_in_all_fit_calibration,rows,0.21300242545331258,,,0.0,4409485.0,0.0,0.0,3470254.0,939231.0
lr_stale_threshold,attack_type_unseen_in_all_fit_calibration,rows,0.05277169556081946,,,0.028812435012252,4409485.0,0.0,0.0,4176789.0,232696.0
lr_stale_scaler,attack_type_unseen_in_all_fit_calibration,rows,0.19686471322614774,,,0.11529917892905861,4409485.0,0.0,0.0,3541413.0,868072.0
lr_stale_scaler_threshold,attack_type_unseen_in_all_fit_calibration,rows,0.05446236918823853,,,0.027121761384832924,4409485.0,0.0,0.0,4169334.0,240151.0
mlp_float_stale_threshold,attack_type_unseen_in_all_fit_calibration,rows,0.3964875716778717,,,0.1985837348352472,4409485.0,0.0,0.0,2661179.0,1748306.0
mlp_float_stale_scaler,attack_type_unseen_in_all_fit_calibration,rows,0.19645264696444142,,,0.002014520970135968,4409485.0,0.0,0.0,3543230.0,866255.0
mlp_float_stale_scaler_threshold,attack_type_unseen_in_all_fit_calibration,rows,0.3673281573698516,,,0.16946967729791573,4409485.0,0.0,0.0,2789757.0,1619728.0
mlp_int8_stale_threshold,attack_type_unseen_in_all_fit_calibration,rows,0.2105402331564797,,,0.00246219229683285,4409485.0,0.0,0.0,3481111.0,928374.0
mlp_int8_stale_scaler,attack_type_unseen_in_all_fit_calibration,rows,0.1965628639172148,,,0.022248856725898828,4409485.0,0.0,0.0,3542744.0,866741.0
mlp_int8_stale_scaler_threshold,attack_type_unseen_in_all_fit_calibration,rows,0.16450175020438895,,,0.05103249018876354,4409485.0,0.0,0.0,3684117.0,725368.0
mlp_int8_stale_input_quantization,attack_type_unseen_in_all_fit_calibration,rows,0.21369570369328844,,,0.02040124867189706,4409485.0,0.0,0.0,3467197.0,942288.0
mlp_int8_stale_integer_threshold_code,attack_type_unseen_in_all_fit_calibration,rows,0.3529214862960187,,,0.1399190608427061,4409485.0,0.0,0.0,2853283.0,1556202.0
dt_stale_threshold,attack_type_unseen_in_all_fit_calibration,rows,0.19843065573417304,,,0.08251417115604204,4409485.0,0.0,0.0,3534508.0,874977.0
lr_compatible_probability,attack_type_unseen_in_all_fit_calibration,rows,0.08158413057307146,,,0.0,4409485.0,0.0,0.0,4049741.0,359744.0
lr_compatible_decision,attack_type_unseen_in_all_fit_calibration,rows,0.08158413057307146,,,0.0,4409485.0,0.0,0.0,4049741.0,359744.0
mlp_float_compatible_first_layer,attack_type_unseen_in_all_fit_calibration,rows,0.19790383684262447,,,0.0,4409485.0,0.0,0.0,3536831.0,872654.0
mlp_int8_compatible_requantized,attack_type_unseen_in_all_fit_calibration,rows,0.25874019301573764,,,0.05317264941370704,4409485.0,0.0,0.0,3268574.0,1140911.0
A_lr,attack_type_unseen_in_all_fit_calibration,vector_balanced,0.03488893294023552,,,0.008072014968936284,2323770.354925849,0.0,0.0,2242696.486844334,81073.86808151523
A_dt,attack_type_unseen_in_all_fit_calibration,vector_balanced,0.034194616294949715,,,0.029282883538999244,2323770.3549258304,0.0,0.0,2244309.9192815623,79460.43564426788
A_mlp_float,attack_type_unseen_in_all_fit_calibration,vector_balanced,0.14606015582280438,,,0.11133082048301185,2323770.354925845,0.0,0.0,1984360.0947889625,339410.2601368823
A_mlp_int8,attack_type_unseen_in_all_fit_calibration,vector_balanced,0.02006385053801281,,,0.05808799778615208,2323770.354925834,0.0,0.0,2277146.5738399373,46623.78108589692
B_lr,attack_type_unseen_in_all_fit_calibration,vector_balanced,0.026832085702584066,,,0.0,2323770.35492585,0.0,0.0,2261418.7496093553,62351.6053164946
B_dt,attack_type_unseen_in_all_fit_calibration,vector_balanced,0.006318610977729914,,,0.0,2323770.354925837,0.0,0.0,2309087.354051479,14683.000874357733
B_mlp_float,attack_type_unseen_in_all_fit_calibration,vector_balanced,0.0474826681309792,,,0.0,2323770.354925847,0.0,0.0,2213431.5383502953,110338.81657555174
B_mlp_int8,attack_type_unseen_in_all_fit_calibration,vector_balanced,0.07189513807933443,,,0.0,2323770.3549258476,0.0,0.0,2156702.56439379,167067.79053205778
lr_stale_threshold,attack_type_unseen_in_all_fit_calibration,vector_balanced,0.016426463833932595,,,0.010405621868651552,2323770.3549258364,0.0,0.0,2285599.0252322825,38171.32969355396
lr_stale_scaler,attack_type_unseen_in_all_fit_calibration,vector_balanced,0.032495402806430845,,,0.005698604583879616,2323770.354925848,0.0,0.0,2248258.50121289,75511.85371295821
lr_stale_scaler_threshold,attack_type_unseen_in_all_fit_calibration,vector_balanced,0.019107021925814364,,,0.0077250637767697925,2323770.3549258364,0.0,0.0,2279370.023803711,44400.33112212538
mlp_float_stale_threshold,attack_type_unseen_in_all_fit_calibration,vector_balanced,0.17467507433618315,,,0.12719240620520267,2323770.3549258453,0.0,0.0,1917865.5954389547,405904.75948689075
mlp_float_stale_scaler,attack_type_unseen_in_all_fit_calibration,vector_balanced,0.044730675023551915,,,0.003820945551344437,2323770.354925847,0.0,0.0,2219826.5383502953,103943.81657555196
mlp_float_stale_scaler_threshold,attack_type_unseen_in_all_fit_calibration,vector_balanced,0.12454985445243258,,,0.07715325334592187,2323770.354925845,0.0,0.0,2034345.0954389535,289425.25948689156
mlp_int8_stale_threshold,attack_type_unseen_in_all_fit_calibration,vector_balanced,0.06722772334232754,,,0.004667414737006618,2323770.3549258476,0.0,0.0,2167548.5643937904,156221.79053205717
mlp_int8_stale_scaler,attack_type_unseen_in_all_fit_calibration,vector_balanced,0.0441456452832515,,,0.038453648629412654,2323770.3549258457,0.0,0.0,2221186.013117554,102584.34180829184
mlp_int8_stale_scaler_threshold,attack_type_unseen_in_all_fit_calibration,vector_balanced,0.030502770346780533,,,0.04615187418574309,2323770.354925848,0.0,0.0,2252888.9214508883,70881.43347495983
mlp_int8_stale_input_quantization,attack_type_unseen_in_all_fit_calibration,vector_balanced,0.07733757168096807,,,0.03398400963781651,2323770.354925849,0.0,0.0,2144055.5985316625,179714.75639418646
mlp_int8_stale_integer_threshold_code,attack_type_unseen_in_all_fit_calibration,vector_balanced,0.10743186646168927,,,0.035536728382353736,2323770.3549258467,0.0,0.0,2074123.368467821,249646.98645802584
dt_stale_threshold,attack_type_unseen_in_all_fit_calibration,vector_balanced,0.038643876897377284,,,0.03232526591964767,2323770.3549258485,0.0,0.0,2233970.8593923193,89799.4955335292
lr_compatible_probability,attack_type_unseen_in_all_fit_calibration,vector_balanced,0.026832085702584066,,,0.0,2323770.35492585,0.0,0.0,2261418.7496093553,62351.6053164946
lr_compatible_decision,attack_type_unseen_in_all_fit_calibration,vector_balanced,0.026832085702584066,,,0.0,2323770.35492585,0.0,0.0,2261418.7496093553,62351.6053164946
mlp_float_compatible_first_layer,attack_type_unseen_in_all_fit_calibration,vector_balanced,0.0474826681309792,,,0.0,2323770.354925847,0.0,0.0,2213431.5383502953,110338.81657555174
mlp_int8_compatible_requantized,attack_type_unseen_in_all_fit_calibration,vector_balanced,0.10669378625565096,,,0.04889728745474142,2323770.354925849,0.0,0.0,2075838.4973701725,247931.8575556767
A_lr,attack_type_unseen_in_all_fit_calibration,frequency_cap100,0.0914228106783649,,,0.019368004463739444,3706220.8618565905,0.0,0.0,3367387.733670869,338833.12818572146
A_dt,attack_type_unseen_in_all_fit_calibration,frequency_cap100,0.08128637609749254,,,0.0643992123848482,3706220.8618565868,0.0,0.0,3404955.5989793395,301265.2628772474
A_mlp_float,attack_type_unseen_in_all_fit_calibration,frequency_cap100,0.29869799129556823,,,0.20792863749789506,3706220.861856589,0.0,0.0,2599180.1351222964,1107040.726734293
A_mlp_int8,attack_type_unseen_in_all_fit_calibration,frequency_cap100,0.056053273660799326,,,0.062005620328633666,3706220.861856589,0.0,0.0,3498475.049639578,207745.8122170109
B_lr,attack_type_unseen_in_all_fit_calibration,frequency_cap100,0.07222103964310352,,,0.0,3706220.8618565914,0.0,0.0,3438553.738066349,267667.1237902422
B_dt,attack_type_unseen_in_all_fit_calibration,frequency_cap100,0.01820710663626961,,,0.0,3706220.861856589,0.0,0.0,3638741.303407199,67479.55844938998
B_mlp_float,attack_type_unseen_in_all_fit_calibration,frequency_cap100,0.09879262092296365,,,0.0,3706220.86185659,0.0,0.0,3340073.5891944123,366147.27266217774
B_mlp_int8,attack_type_unseen_in_all_fit_calibration,frequency_cap100,0.11403556814317242,,,0.0,3706220.86185659,0.0,0.0,3283579.860210696,422641.0016458944
lr_stale_threshold,attack_type_unseen_in_all_fit_calibration,frequency_cap100,0.05493175387471625,,,0.017289285768387234,3706220.8618565905,0.0,0.0,3502631.6496677455,203589.21218884498
lr_stale_scaler,attack_type_unseen_in_all_fit_calibration,frequency_cap100,0.08972765717940873,,,0.01752874249945677,3706220.861856591,0.0,0.0,3373670.34693275,332550.51492384094
lr_stale_scaler_threshold,attack_type_unseen_in_all_fit_calibration,frequency_cap100,0.05694323680513867,,,0.01527780283796481,3706220.8618565905,0.0,0.0,3495176.6496677455,211044.21218884498
mlp_float_stale_threshold,attack_type_unseen_in_all_fit_calibration,frequency_cap100,0.31888791058785193,,,0.22009528966488823,3706220.861856589,0.0,0.0,2524351.8350420333,1181869.0268145555
mlp_float_stale_scaler,attack_type_unseen_in_all_fit_calibration,frequency_cap100,0.0970660643472731,,,0.0023967810692075596,3706220.86185659,0.0,0.0,3346472.5891944123,359748.27266217774
mlp_float_stale_scaler_threshold,attack_type_unseen_in_all_fit_calibration,frequency_cap100,0.2841954287330089,,,0.18545677113480522,3706220.861856588,0.0,0.0,2652929.8350420333,1053291.0268145548
mlp_int8_stale_threshold,attack_type_unseen_in_all_fit_calibration,frequency_cap100,0.11110616905858542,,,0.002929399084587017,3706220.86185659,0.0,0.0,3294436.860210696,411784.00164589443
mlp_int8_stale_scaler,attack_type_unseen_in_all_fit_calibration,frequency_cap100,0.09632005978320268,,,0.02462713099520788,3706220.86185659,0.0,0.0,3349237.4468728104,356983.4149837797
mlp_int8_stale_scaler_threshold,attack_type_unseen_in_all_fit_calibration,frequency_cap100,0.05817689312659288,,,0.05887090780467285,3706220.8618565905,0.0,0.0,3490604.446872811,215616.41498377983
mlp_int8_stale_input_quantization,attack_type_unseen_in_all_fit_calibration,frequency_cap100,0.1175991045247621,,,0.021533726697708967,3706220.8618565905,0.0,0.0,3270372.6073312634,435848.25452532707
mlp_int8_stale_integer_threshold_code,attack_type_unseen_in_all_fit_calibration,frequency_cap100,0.2740133734399027,,,0.15997780529673036,3706220.861856588,0.0,0.0,2690666.780785921,1015554.0810706671
dt_stale_threshold,attack_type_unseen_in_all_fit_calibration,frequency_cap100,0.09326396024692334,,,0.07505685361065378,3706220.86185659,0.0,0.0,3360564.026730079,345656.83512651094
lr_compatible_probability,attack_type_unseen_in_all_fit_calibration,frequency_cap100,0.07222103964310352,,,0.0,3706220.8618565914,0.0,0.0,3438553.738066349,267667.1237902422
lr_compatible_decision,attack_type_unseen_in_all_fit_calibration,frequency_cap100,0.07222103964310352,,,0.0,3706220.8618565914,0.0,0.0,3438553.738066349,267667.1237902422
mlp_float_compatible_first_layer,attack_type_unseen_in_all_fit_calibration,frequency_cap100,0.09879262092296365,,,0.0,3706220.86185659,0.0,0.0,3340073.5891944123,366147.27266217774
mlp_int8_compatible_requantized,attack_type_unseen_in_all_fit_calibration,frequency_cap100,0.1372952397473542,,,0.03210533979881211,3706220.86185659,0.0,0.0,3197374.380071344,508846.4817852462
A_lr,normal_traffic,rows,,0.09859158439901204,,0.02389147398879947,401231.0,361673.0,39558.0,0.0,0.0
A_dt,normal_traffic,rows,,0.12577293379624208,,0.12156837333107362,401231.0,350767.0,50464.0,0.0,0.0
A_mlp_float,normal_traffic,rows,,0.21309669492137945,,0.1925424506082531,401231.0,315730.0,85501.0,0.0,0.0
A_mlp_int8,normal_traffic,rows,,0.22220865287079014,,0.21644140158661718,401231.0,312074.0,89157.0,0.0,0.0
B_lr,normal_traffic,rows,,0.1205340564413019,,0.0,401231.0,352869.0,48362.0,0.0,0.0
B_dt,normal_traffic,rows,,0.00425939172197562,,0.0,401231.0,399522.0,1709.0,0.0,0.0
B_mlp_float,normal_traffic,rows,,0.021506314317687316,,0.0,401231.0,392602.0,8629.0,0.0,0.0
B_mlp_int8,normal_traffic,rows,,0.021902594764611906,,0.0,401231.0,392443.0,8788.0,0.0,0.0
lr_stale_threshold,normal_traffic,rows,,0.08071908700972756,,0.03981496943157433,401231.0,368844.0,32387.0,0.0,0.0
lr_stale_scaler,normal_traffic,rows,,0.1203222084036378,,0.002280481817207544,401231.0,352954.0,48277.0,0.0,0.0
lr_stale_scaler_threshold,normal_traffic,rows,,0.08124496860910548,,0.039289087832196416,401231.0,368633.0,32598.0,0.0,0.0
mlp_float_stale_threshold,normal_traffic,rows,,0.21934247353768777,,0.19783615922000045,401231.0,313224.0,88007.0,0.0,0.0
mlp_float_stale_scaler,normal_traffic,rows,,0.020910647482372997,,0.0014181356874219588,401231.0,392841.0,8390.0,0.0,0.0
mlp_float_stale_scaler_threshold,normal_traffic,rows,,0.21751061109435713,,0.19605912803347697,401231.0,313959.0,87272.0,0.0,0.0
mlp_int8_stale_threshold,normal_traffic,rows,,0.02108261824235914,,0.0008199765222527671,401231.0,392772.0,8459.0,0.0,0.0
mlp_int8_stale_scaler,normal_traffic,rows,,0.018782197786312623,,0.00439646986399356,401231.0,393695.0,7536.0,0.0,0.0
mlp_int8_stale_scaler_threshold,normal_traffic,rows,,0.01804696047912549,,0.004712995755562257,401231.0,393990.0,7241.0,0.0,0.0
mlp_int8_stale_input_quantization,normal_traffic,rows,,0.017578402466409626,,0.006806552833654429,401231.0,394178.0,7053.0,0.0,0.0
mlp_int8_stale_integer_threshold_code,normal_traffic,rows,,0.022465861311812895,,0.0005632665472009889,401231.0,392217.0,9014.0,0.0,0.0
dt_stale_threshold,normal_traffic,rows,,0.11066193788615536,,0.10640254616417974,401231.0,356830.0,44401.0,0.0,0.0
lr_compatible_probability,normal_traffic,rows,,0.1205340564413019,,0.0,401231.0,352869.0,48362.0,0.0,0.0
lr_compatible_decision,normal_traffic,rows,,0.1205340564413019,,0.0,401231.0,352869.0,48362.0,0.0,0.0
mlp_float_compatible_first_layer,normal_traffic,rows,,0.021506314317687316,,0.0,401231.0,392602.0,8629.0,0.0,0.0
mlp_int8_compatible_requantized,normal_traffic,rows,,0.28809588491417665,,0.26855601885198305,401231.0,285638.0,115593.0,0.0,0.0
A_lr,normal_traffic,vector_balanced,,0.02408993127338516,,0.0028647960414533986,150229.80709995187,146610.7813717001,3619.0257282517505,0.0,0.0
A_dt,normal_traffic,vector_balanced,,0.04879775239267771,,0.04619070561254127,150229.80709995178,142898.9301710886,7330.876928863183,0.0,0.0
A_mlp_float,normal_traffic,vector_balanced,,0.05914839952450796,,0.02005068943330616,150229.80709995166,141343.95444911395,8885.852650837704,0.0,0.0
A_mlp_int8,normal_traffic,vector_balanced,,0.03900537704253729,,0.011399284466904733,150229.80709995184,144370.03683099058,5859.770268961266,0.0,0.0
B_lr,normal_traffic,vector_balanced,,0.022241935284052782,,0.0,150229.80709995187,146888.405452699,3341.401647252863,0.0,0.0
B_dt,normal_traffic,vector_balanced,,0.002753489090252448,,0.0,150229.80709995213,149816.1509650717,413.65613488044795,0.0,0.0
B_mlp_float,normal_traffic,vector_balanced,,0.04154729055132415,,0.0,150229.80709995172,143988.16565490066,6241.641445051073,0.0,0.0
B_mlp_int8,normal_traffic,vector_balanced,,0.04015010172759017,,0.0,150229.80709995172,144198.06506237242,6031.74203757931,0.0,0.0
lr_stale_threshold,normal_traffic,vector_balanced,,0.013217552127487684,,0.009024383156565086,150229.80709995207,148244.13679350604,1985.670306446036,0.0,0.0
lr_stale_scaler,normal_traffic,vector_balanced,,0.019591918232649486,,0.003979825715667121,150229.80709995187,147286.51700314292,2943.290096808962,0.0,0.0
lr_stale_scaler_threshold,normal_traffic,vector_balanced,,0.014009638613499275,,0.008232296670553493,150229.80709995207,148125.14179350605,2104.665306446036,0.0,0.0
mlp_float_stale_threshold,normal_traffic,vector_balanced,,0.05157062302163822,,0.010023332470314056,150229.80709995172,142482.3623513867,7747.44474856504,0.0,0.0
mlp_float_stale_scaler,normal_traffic,vector_balanced,,0.041287688274300294,,0.002216604057665112,150229.80709995172,144027.16565490066,6202.641445051072,0.0,0.0
mlp_float_stale_scaler_threshold,normal_traffic,vector_balanced,,0.05027926810516065,,0.008838481052102675,150229.80709995172,142676.3623513867,7553.44474856504,0.0,0.0
mlp_int8_stale_threshold,normal_traffic,vector_balanced,,0.03822638229015709,,0.001923719437433085,150229.80709995172,144487.06506237242,5742.74203757931,0.0,0.0
mlp_int8_stale_scaler,normal_traffic,vector_balanced,,0.03877206075705406,,0.004453329482972388,150229.80709995175,144405.0878915519,5824.719208399841,0.0,0.0
mlp_int8_stale_scaler_threshold,normal_traffic,vector_balanced,,0.03690824953739571,,0.005252105719968824,150229.80709995175,144685.0878915519,5544.719208399841,0.0,0.0
mlp_int8_stale_input_quantization,normal_traffic,vector_balanced,,0.04051529135058919,,0.005851952088289911,150229.80709995172,144143.20269575436,6086.604404197356,0.0,0.0
mlp_int8_stale_integer_threshold_code,normal_traffic,vector_balanced,,0.04160121189146704,,0.00145111016387686,150229.80709995172,143980.06506237242,6249.742037579311,0.0,0.0
dt_stale_threshold,normal_traffic,vector_balanced,,0.049752240480905985,,0.04699875139065352,150229.80709995175,142755.53760971484,7474.269490236917,0.0,0.0
lr_compatible_probability,normal_traffic,vector_balanced,,0.022241935284052782,,0.0,150229.80709995187,146888.405452699,3341.401647252863,0.0,0.0
lr_compatible_decision,normal_traffic,vector_balanced,,0.022241935284052782,,0.0,150229.80709995187,146888.405452699,3341.401647252863,0.0,0.0
mlp_float_compatible_first_layer,normal_traffic,vector_balanced,,0.04154729055132415,,0.0,150229.80709995172,143988.16565490066,6241.641445051073,0.0,0.0
mlp_int8_compatible_requantized,normal_traffic,vector_balanced,,0.048946560132889554,,0.014574273186240242,150229.80709995172,142876.57481298153,7353.232286970185,0.0,0.0
A_lr,normal_traffic,frequency_cap100,,0.08778913146874778,,0.014791662669576962,194301.5500202374,177243.9857009293,17057.564319308094,0.0,0.0
A_dt,normal_traffic,frequency_cap100,,0.043076076547007375,,0.039824531952300526,194301.55002023754,185931.8015783636,8369.748441873935,0.0,0.0
A_mlp_float,normal_traffic,frequency_cap100,,0.053483649855790794,,0.01783486956498088,194301.55002023742,183909.59395251764,10391.956067719799,0.0,0.0
A_mlp_int8,normal_traffic,frequency_cap100,,0.03868856999630671,,0.01688400480764534,194301.55002023754,186784.3009018887,7517.249118348849,0.0,0.0
B_lr,normal_traffic,frequency_cap100,,0.09857576294514735,,0.0,194301.55002023742,175148.1264855678,19153.423534669615,0.0,0.0
B_dt,normal_traffic,frequency_cap100,,0.003364770660055839,,0.0,194301.55002023763,193647.76986552615,653.7801547114676,0.0,0.0
B_mlp_float,normal_traffic,frequency_cap100,,0.03761479651641497,,0.0,194301.55002023742,186992.93675340217,7308.613266835256,0.0,0.0
B_mlp_int8,normal_traffic,frequency_cap100,,0.03533342469790241,,0.0,194301.55002023742,187436.21083391164,6865.339186325778,0.0,0.0
lr_stale_threshold,normal_traffic,frequency_cap100,,0.06417235379674699,,0.0344034091484003,194301.55002023748,181832.76220908246,12468.787811155013,0.0,0.0
lr_stale_scaler,normal_traffic,frequency_cap100,,0.09712314481908733,,0.003694021207984641,194301.5500202374,175430.37243904875,18871.17758118866,0.0,0.0
lr_stale_scaler_threshold,normal_traffic,frequency_cap100,,0.06525829469623042,,0.033317468248916876,194301.55002023748,181621.76220908246,12679.787811155013,0.0,0.0
mlp_float_stale_threshold,normal_traffic,frequency_cap100,,0.05285943091971867,,0.015244634403303698,194301.55002023742,184030.88065934842,10270.669360889002,0.0,0.0
mlp_float_stale_scaler,normal_traffic,frequency_cap100,,0.03684794725564232,,0.0024652402410073925,194301.55002023742,187141.93675340217,7159.613266835256,0.0,0.0
mlp_float_stale_scaler_threshold,normal_traffic,frequency_cap100,,0.05248372624833341,,0.01498215579726742,194301.55002023742,184103.88065934842,10197.669360889002,0.0,0.0
mlp_int8_stale_threshold,normal_traffic,frequency_cap100,,0.03364018035700173,,0.0016932443409006933,194301.55002023742,187765.21083391164,6536.33918632578,0.0,0.0
mlp_int8_stale_scaler,normal_traffic,frequency_cap100,,0.03404016214842306,,0.003928341888510244,194301.55002023742,187687.49375185862,6614.056268378815,0.0,0.0
mlp_int8_stale_scaler_threshold,normal_traffic,frequency_cap100,,0.03252190354487987,,0.004581965083933916,194301.55002023742,187982.49375185862,6319.056268378812,0.0,0.0
mlp_int8_stale_input_quantization,normal_traffic,frequency_cap100,,0.03537238473263837,,0.00508709274197253,194301.55002023742,187428.6408387736,6872.909181463817,0.0,0.0
mlp_int8_stale_integer_threshold_code,normal_traffic,frequency_cap100,,0.03649656518739651,,0.0011631404894940933,194301.55002023742,187210.21083391164,7091.339186325778,0.0,0.0
dt_stale_threshold,normal_traffic,frequency_cap100,,0.04477791239706068,,0.04141314173700483,194301.55002023742,185601.13223481813,8700.417785419295,0.0,0.0
lr_compatible_probability,normal_traffic,frequency_cap100,,0.09857576294514735,,0.0,194301.55002023742,175148.1264855678,19153.423534669615,0.0,0.0
lr_compatible_decision,normal_traffic,frequency_cap100,,0.09857576294514735,,0.0,194301.55002023742,175148.1264855678,19153.423534669615,0.0,0.0
mlp_float_compatible_first_layer,normal_traffic,frequency_cap100,,0.03761479651641497,,0.0,194301.55002023742,186992.93675340217,7308.613266835256,0.0,0.0
mlp_int8_compatible_requantized,normal_traffic,frequency_cap100,,0.05355894662987053,,0.023104536020642448,194301.55002023742,183894.9636726024,10406.586347635015,0.0,0.0
